-- phpMyAdmin SQL Dump
-- version 5.1.1
-- https://www.phpmyadmin.net/
--
-- Servidor: 127.0.0.1
-- Tiempo de generación: 28-02-2022 a las 03:43:59
-- Versión del servidor: 10.4.21-MariaDB
-- Versión de PHP: 8.0.11

SET SQL_MODE = "NO_AUTO_VALUE_ON_ZERO";
START TRANSACTION;
SET time_zone = "+00:00";


/*!40101 SET @OLD_CHARACTER_SET_CLIENT=@@CHARACTER_SET_CLIENT */;
/*!40101 SET @OLD_CHARACTER_SET_RESULTS=@@CHARACTER_SET_RESULTS */;
/*!40101 SET @OLD_COLLATION_CONNECTION=@@COLLATION_CONNECTION */;
/*!40101 SET NAMES utf8mb4 */;

--
-- Base de datos: `militaryfitns`
--

-- --------------------------------------------------------

--
-- Estructura de tabla para la tabla `banner`
--

CREATE TABLE `banner` (
  `BANN_ID` int(11) NOT NULL,
  `BANN_DESCRIPCION` varchar(45) DEFAULT NULL,
  `BANN_DIRECCIONIMAGEN` varchar(45) DEFAULT NULL,
  `BANN_REGISTRADOPOR` varchar(45) DEFAULT NULL,
  `BANN_FECHAREGISTRO` timestamp NULL DEFAULT current_timestamp(),
  `ESTADO_ESTA_ID` int(11) NOT NULL
) ENGINE=InnoDB DEFAULT CHARSET=utf8mb4;

-- --------------------------------------------------------

--
-- Estructura de tabla para la tabla `caracteristicas`
--

CREATE TABLE `caracteristicas` (
  `CARA_ID` int(11) NOT NULL,
  `CARA_DESCRIPCION` varchar(45) DEFAULT NULL,
  `CARA_REGISTRADOPOR` varchar(45) DEFAULT NULL,
  `CARA_FECHAREGISTRO` timestamp NULL DEFAULT current_timestamp()
) ENGINE=InnoDB DEFAULT CHARSET=utf8mb4;

-- --------------------------------------------------------

--
-- Estructura de tabla para la tabla `caracteristica_producto`
--

CREATE TABLE `caracteristica_producto` (
  `CAPR_ID` int(11) NOT NULL,
  `CARP_RESPUESTA` varchar(500) DEFAULT NULL,
  `CARP_FECHAREGISTRO` timestamp NULL DEFAULT current_timestamp(),
  `CARP_REGISTRADOPOR` varchar(45) DEFAULT NULL,
  `CARACTERISTICAS_CARA_ID` int(11) NOT NULL,
  `PRODUCTO_PROD_ID` int(11) NOT NULL
) ENGINE=InnoDB DEFAULT CHARSET=utf8mb4;

-- --------------------------------------------------------

--
-- Estructura de tabla para la tabla `categoria`
--

CREATE TABLE `categoria` (
  `CATE_ID` int(11) NOT NULL,
  `CATE_NOMBRE` varchar(60) DEFAULT NULL,
  `CATE_DESCRIPCION` varchar(255) DEFAULT NULL,
  `CATE_IMAGEN` varchar(255) DEFAULT NULL,
  `CATE_REGISTRADAPOR` varchar(45) DEFAULT NULL,
  `CATE_FECHAREGISTRO` timestamp NULL DEFAULT current_timestamp(),
  `ESTADO_ESTA_ID` int(11) NOT NULL
) ENGINE=InnoDB DEFAULT CHARSET=utf8mb4;

--
-- Volcado de datos para la tabla `categoria`
--

INSERT INTO `categoria` (`CATE_ID`, `CATE_NOMBRE`, `CATE_DESCRIPCION`, `CATE_IMAGEN`, `CATE_REGISTRADAPOR`, `CATE_FECHAREGISTRO`, `ESTADO_ESTA_ID`) VALUES
(1, 'Prueba 1', 'Prueba 1', 'img/categorias/Cate_1/Cate_1-Img.png', '1', '2022-02-27 23:53:01', 1);

-- --------------------------------------------------------

--
-- Estructura de tabla para la tabla `ciudad`
--

CREATE TABLE `ciudad` (
  `CIUD_ID` int(11) NOT NULL,
  `CIUD_DESCRIPCION` varchar(45) DEFAULT NULL,
  `CIUD_REGISTRADOPOR` varchar(45) DEFAULT NULL,
  `CIUD_FECHAREGISTRO` timestamp NULL DEFAULT current_timestamp(),
  `DEPARTAMENTO_DEPA_ID` int(11) NOT NULL,
  `ESTADO_ESTA_ID` int(11) NOT NULL
) ENGINE=InnoDB DEFAULT CHARSET=utf8mb4;

--
-- Volcado de datos para la tabla `ciudad`
--

INSERT INTO `ciudad` (`CIUD_ID`, `CIUD_DESCRIPCION`, `CIUD_REGISTRADOPOR`, `CIUD_FECHAREGISTRO`, `DEPARTAMENTO_DEPA_ID`, `ESTADO_ESTA_ID`) VALUES
(1, 'El Encanto', '1', '2021-12-27 03:20:47', 1, 1),
(2, 'La Chorrera', '1', '2022-01-11 21:44:46', 1, 1),
(3, 'La Pedrera', '1', '2022-01-11 21:45:38', 1, 1),
(4, 'La Victoria', '1', '2022-01-11 21:50:04', 1, 1),
(5, 'Leticia', '1', '2022-01-11 21:50:32', 1, 1),
(6, 'Mirití-Paraná', '1', '2022-01-11 21:50:32', 1, 1),
(7, 'Puerto Alegría', '1', '2022-01-11 21:50:32', 1, 1),
(8, 'Cartagena Del Chairá', '1', '2022-01-11 21:50:32', 1, 1),
(9, 'Puerto Arica', '1', '2022-01-11 21:50:32', 1, 1),
(10, 'Puerto Nariño', '1', '2022-01-11 21:50:32', 1, 1),
(11, 'Puerto Santander', '1', '2022-01-11 21:50:32', 1, 1),
(12, 'Tarapacá', '1', '2022-01-11 21:50:32', 1, 1),
(13, 'Abejorral', '1', '2022-01-11 21:50:32', 2, 1),
(14, 'Abriaquí', '1', '2022-01-11 21:50:32', 2, 1),
(15, 'Alejandría', '1', '2022-01-11 21:50:32', 2, 1),
(16, 'Amagá', '1', '2022-01-11 21:50:32', 2, 1),
(17, 'Amalfi', '1', '2022-01-11 21:50:32', 2, 1),
(18, 'Andes', '1', '2022-01-11 21:50:32', 2, 1),
(19, 'Angelópolis', '1', '2022-01-11 21:50:32', 2, 1),
(20, 'Angostura', '1', '2022-01-11 21:50:32', 2, 1),
(21, 'Anorí', '1', '2022-01-11 21:50:32', 2, 1),
(22, 'Anzá', '1', '2022-01-11 21:50:32', 2, 1),
(23, 'Apartadó', '1', '2022-01-11 21:50:32', 2, 1),
(24, 'Arboletes', '1', '2022-01-11 21:50:32', 2, 1),
(25, 'Argelia', '1', '2022-01-11 21:50:32', 2, 1),
(26, 'Armenia', '1', '2022-01-11 21:50:32', 2, 1),
(27, 'Barbosa', '1', '2022-01-11 21:50:32', 2, 1),
(28, 'Bello', '1', '2022-01-11 21:50:32', 2, 1),
(29, 'Belmira', '1', '2022-01-11 21:50:32', 2, 1),
(30, 'Betania', '1', '2022-01-11 21:50:32', 2, 1),
(31, 'Betulia', '1', '2022-01-11 21:50:32', 2, 1),
(32, 'Briceño', '1', '2022-01-11 21:50:32', 2, 1),
(33, 'Buriticá', '1', '2022-01-11 21:50:32', 2, 1),
(34, 'Cáceres', '1', '2022-01-11 21:50:32', 2, 1),
(35, 'Caicedo', '1', '2022-01-11 21:50:32', 2, 1),
(36, 'Caldas', '1', '2022-01-11 21:50:32', 2, 1),
(37, 'Campamento', '1', '2022-01-11 21:50:32', 2, 1),
(38, 'Cañasgordas', '1', '2022-01-11 21:50:32', 2, 1),
(39, 'Caracolí', '1', '2022-01-11 21:50:32', 2, 1),
(40, 'Caramanta', '1', '2022-01-11 21:50:32', 2, 1),
(41, 'Carepa', '1', '2022-01-11 21:50:32', 2, 1),
(42, 'Carolina del Príncipe', '1', '2022-01-11 21:50:32', 2, 1),
(43, 'Caucasia', '1', '2022-01-11 21:50:32', 2, 1),
(44, 'Chigorodó', '1', '2022-01-11 21:50:32', 2, 1),
(45, 'Cisneros', '1', '2022-01-11 21:50:32', 2, 1),
(46, 'Ciudad Bolívar', '1', '2022-01-11 21:50:32', 2, 1),
(47, 'Cocorná', '1', '2022-01-11 21:50:32', 2, 1),
(48, 'Concepción', '1', '2022-01-11 21:50:32', 2, 1),
(49, 'Concordia', '1', '2022-01-11 21:50:32', 2, 1),
(50, 'Copacabana', '1', '2022-01-11 21:50:32', 2, 1),
(51, 'Dabeiba', '1', '2022-01-11 21:50:32', 2, 1),
(52, 'Donmatías', '1', '2022-01-11 21:50:32', 2, 1),
(53, 'Ebéjico', '1', '2022-01-11 21:50:32', 2, 1),
(54, 'El Bagre', '1', '2022-01-11 21:50:32', 2, 1),
(55, 'El Carmen de Viboral', '1', '2022-01-11 21:50:32', 2, 1),
(56, 'El Peñol', '1', '2022-01-11 21:50:32', 2, 1),
(57, 'El Retiro', '1', '2022-01-11 21:50:32', 2, 1),
(58, 'El Santuario', '1', '2022-01-11 21:50:32', 2, 1),
(59, 'Entrerríos', '1', '2022-01-11 21:50:32', 2, 1),
(60, 'Envigado', '1', '2022-01-11 21:50:32', 2, 1),
(61, 'Fredonia', '1', '2022-01-11 21:50:32', 2, 1),
(62, 'Frontino', '1', '2022-01-11 21:50:32', 2, 1),
(63, 'Giraldo', '1', '2022-01-11 21:50:32', 2, 1),
(64, 'Girardota', '1', '2022-01-11 21:50:32', 2, 1),
(65, 'Gómez Plata', '1', '2022-01-11 21:50:32', 2, 1),
(66, 'Granada', '1', '2022-01-11 21:50:32', 2, 1),
(67, 'Guadalupe', '1', '2022-01-11 21:50:32', 2, 1),
(68, 'Guarne', '1', '2022-01-11 21:50:32', 2, 1),
(69, 'Guatapé', '1', '2022-01-11 21:50:32', 2, 1),
(70, 'Heliconia', '1', '2022-01-11 21:50:32', 2, 1),
(71, 'Hispania', '1', '2022-01-11 21:50:32', 2, 1),
(72, 'Itagüí', '1', '2022-01-11 21:50:32', 2, 1),
(73, 'Ituango', '1', '2022-01-11 21:50:32', 2, 1),
(74, 'Jardín', '1', '2022-01-11 21:50:32', 2, 1),
(75, 'Jericó', '1', '2022-01-11 21:50:32', 2, 1),
(76, 'La Ceja', '1', '2022-01-11 21:50:32', 2, 1),
(77, 'La Estrella', '1', '2022-01-11 21:50:32', 2, 1),
(78, 'La Pintada', '1', '2022-01-11 21:50:32', 2, 1),
(79, 'La Unión', '1', '2022-01-11 21:50:32', 2, 1),
(80, 'Liborina', '1', '2022-01-11 21:50:32', 2, 1),
(81, 'Maceo', '1', '2022-01-11 21:50:32', 2, 1),
(82, 'Marinilla', '1', '2022-01-11 21:50:32', 2, 1),
(83, 'Medellín', '1', '2022-01-11 21:50:32', 2, 1),
(84, 'Montebello', '1', '2022-01-11 21:50:32', 2, 1),
(85, 'Murindó', '1', '2022-01-11 21:50:32', 2, 1),
(86, 'Mutatá', '1', '2022-01-11 21:50:32', 2, 1),
(87, 'Nariño', '1', '2022-01-11 21:50:32', 2, 1),
(88, 'Nechí', '1', '2022-01-11 21:50:32', 2, 1),
(89, 'Necoclí', '1', '2022-01-11 21:50:32', 2, 1),
(90, 'Olaya', '1', '2022-01-11 21:50:32', 2, 1),
(91, 'Peque', '1', '2022-01-11 21:50:32', 2, 1),
(92, 'Pueblorrico', '1', '2022-01-11 21:50:32', 2, 1),
(93, 'Puerto Berrío', '1', '2022-01-11 21:50:32', 2, 1),
(94, 'Puerto Nare', '1', '2022-01-11 21:50:32', 2, 1),
(95, 'Puerto Triunfo', '1', '2022-01-11 21:50:32', 2, 1),
(96, 'Remedios', '1', '2022-01-11 21:50:32', 2, 1),
(97, 'Rionegro', '1', '2022-01-11 21:50:32', 2, 1),
(98, 'Sabanalarga', '1', '2022-01-11 21:50:32', 2, 1),
(99, 'Sabaneta', '1', '2022-01-11 21:50:32', 2, 1),
(100, 'Salgar', '1', '2022-01-11 21:50:32', 2, 1),
(101, 'San Andrés de Cuerquia', '1', '2022-01-11 21:50:32', 2, 1),
(102, 'San Carlos', '1', '2022-01-11 21:50:32', 2, 1),
(103, 'San Francisco', '1', '2022-01-11 21:50:32', 2, 1),
(104, 'San Jerónimo', '1', '2022-01-11 21:50:32', 2, 1),
(105, 'San José de la Montaña', '1', '2022-01-11 21:50:32', 2, 1),
(106, 'San Juan de Urabá', '1', '2022-01-11 21:50:32', 2, 1),
(107, 'San Luis', '1', '2022-01-11 21:50:32', 2, 1),
(108, 'San Pedro de los Milagros', '1', '2022-01-11 21:50:32', 2, 1),
(109, 'San Pedro de Urabá', '1', '2022-01-11 21:50:32', 2, 1),
(110, 'San Rafael', '1', '2022-01-11 21:50:32', 2, 1),
(111, 'San Roque', '1', '2022-01-11 21:50:32', 2, 1),
(112, 'San Vicente', '1', '2022-01-11 21:50:32', 2, 1),
(113, 'Santa Bárbara', '1', '2022-01-11 21:50:32', 2, 1),
(114, 'Santa Rosa de Osos', '1', '2022-01-11 21:50:32', 2, 1),
(115, 'Santa Fe de Antioquia', '1', '2022-01-11 21:50:32', 2, 1),
(116, 'Santo Domingo', '1', '2022-01-11 21:50:32', 2, 1),
(117, 'Segovia', '1', '2022-01-11 21:50:32', 2, 1),
(118, 'Sonsón', '1', '2022-01-11 21:50:32', 2, 1),
(119, 'Sopetrán', '1', '2022-01-11 21:50:32', 2, 1),
(120, 'Támesis', '1', '2022-01-11 21:50:32', 2, 1),
(121, 'Tarazá', '1', '2022-01-11 21:50:32', 2, 1),
(122, 'Tarso', '1', '2022-01-11 21:50:32', 2, 1),
(123, 'Titiribí', '1', '2022-01-11 21:50:32', 2, 1),
(124, 'Toledo', '1', '2022-01-11 21:50:32', 2, 1),
(125, 'Turbo', '1', '2022-01-11 21:50:32', 2, 1),
(126, 'Uramita', '1', '2022-01-11 21:50:32', 2, 1),
(127, 'Urrao', '1', '2022-01-11 21:50:32', 2, 1),
(128, 'Valdivia', '1', '2022-01-11 21:50:32', 2, 1),
(129, 'Valparaíso', '1', '2022-01-11 21:50:32', 2, 1),
(130, 'Vegachí', '1', '2022-01-11 21:50:32', 2, 1),
(131, 'Venecia', '1', '2022-01-11 21:50:32', 2, 1),
(132, 'Vigía del Fuerte', '1', '2022-01-11 21:50:32', 2, 1),
(133, 'Yalí', '1', '2022-01-11 21:50:32', 2, 1),
(134, 'Yarumal', '1', '2022-01-11 21:50:32', 2, 1),
(135, 'Yolombó', '1', '2022-01-11 21:50:32', 2, 1),
(136, 'Yondó', '1', '2022-01-11 21:50:32', 2, 1),
(137, 'Zaragoza', '1', '2022-01-11 21:50:32', 2, 1),
(138, 'Arauca', '1', '2022-01-11 21:50:32', 3, 1),
(139, 'Arauquita', '1', '2022-01-11 21:50:32', 3, 1),
(140, 'Cravo Norte', '1', '2022-01-11 21:50:32', 3, 1),
(141, 'Fortul', '1', '2022-01-11 21:50:32', 3, 1),
(142, 'Puerto Rondón', '1', '2022-01-11 21:50:32', 3, 1),
(143, 'Saravena', '1', '2022-01-11 21:50:32', 3, 1),
(144, 'Tame', '1', '2022-01-11 21:50:32', 3, 1),
(145, 'Aguada de Pablo', '1', '2022-01-11 21:50:32', 4, 1),
(146, 'Baranoa', '1', '2022-01-11 21:50:32', 4, 1),
(147, 'Barranquilla', '1', '2022-01-11 21:50:32', 4, 1),
(148, 'Campeche', '1', '2022-01-11 21:50:32', 4, 1),
(149, 'Campo De La Cruz', '1', '2022-01-11 21:50:32', 4, 1),
(150, 'Candelaria', '1', '2022-01-11 21:50:32', 4, 1),
(151, 'Caracolí', '1', '2022-01-11 21:50:32', 4, 1),
(152, 'Cascajal', '1', '2022-01-11 21:50:32', 4, 1),
(153, 'Galapa', '1', '2022-01-11 21:50:32', 4, 1),
(154, 'Juan De Acosta', '1', '2022-01-11 21:50:32', 4, 1),
(155, 'Juan Mina', '1', '2022-01-11 21:50:32', 4, 1),
(156, 'La Peña', '1', '2022-01-11 21:50:32', 4, 1),
(157, 'Luruaco', '1', '2022-01-11 21:50:32', 4, 1),
(158, 'Malambo', '1', '2022-01-11 21:50:32', 4, 1),
(159, 'Manatí', '1', '2022-01-11 21:50:32', 4, 1),
(160, 'Palmar De Varela', '1', '2022-01-11 21:50:32', 4, 1),
(161, 'Piojó', '1', '2022-01-11 21:50:32', 4, 1),
(162, 'Polonuevo', '1', '2022-01-11 21:50:32', 4, 1),
(163, 'Ponedera', '1', '2022-01-11 21:50:32', 4, 1),
(164, 'Puerto Colombia', '1', '2022-01-11 21:50:32', 4, 1),
(165, 'Puerto Giraldo', '1', '2022-01-11 21:50:32', 4, 1),
(166, 'Repelón', '1', '2022-01-11 21:50:32', 4, 1),
(167, 'Sabanagrande', '1', '2022-01-11 21:50:32', 4, 1),
(168, 'Sabanalarga', '1', '2022-01-11 21:50:32', 4, 1),
(169, 'Santa Cruz', '1', '2022-01-11 21:50:32', 4, 1),
(170, 'Santa Lucía', '1', '2022-01-11 21:50:32', 4, 1),
(171, 'Santo Tomás', '1', '2022-01-11 21:50:32', 4, 1),
(172, 'Soledad', '1', '2022-01-11 21:50:32', 4, 1),
(173, 'Suan', '1', '2022-01-11 21:50:32', 4, 1),
(174, 'Tubará', '1', '2022-01-11 21:50:32', 4, 1),
(175, 'Usiacurí', '1', '2022-01-11 21:50:32', 4, 1),
(176, 'Antonio Nariño', '1', '2022-01-11 21:50:32', 5, 1),
(177, 'Barrios Unidos', '1', '2022-01-11 21:50:32', 5, 1),
(178, 'Bogotá', '1', '2022-01-11 21:50:32', 5, 1),
(179, 'Bosa', '1', '2022-01-11 21:50:32', 5, 1),
(180, 'Chapinero', '1', '2022-01-11 21:50:32', 5, 1),
(181, 'Ciudad Bolivar', '1', '2022-01-11 21:50:32', 5, 1),
(182, 'Engativá', '1', '2022-01-11 21:50:32', 5, 1),
(183, 'Fontibón', '1', '2022-01-11 21:50:32', 5, 1),
(184, 'Kennedy', '1', '2022-01-11 21:50:32', 5, 1),
(185, 'La Candelaria', '1', '2022-01-11 21:50:32', 5, 1),
(186, 'Martires', '1', '2022-01-11 21:50:32', 5, 1),
(187, 'Puente Aranda', '1', '2022-01-11 21:50:32', 5, 1),
(188, 'Rafael Uribe Uribe', '1', '2022-01-11 21:50:32', 5, 1),
(189, 'San Cristobal Sur', '1', '2022-01-11 21:50:32', 5, 1),
(190, 'Santa Fe', '1', '2022-01-11 21:50:32', 5, 1),
(191, 'Suba', '1', '2022-01-11 21:50:32', 5, 1),
(192, 'Sumapaz', '1', '2022-01-11 21:50:32', 5, 1),
(193, 'Teusaquillo', '1', '2022-01-11 21:50:32', 5, 1),
(194, 'Tunjuelito', '1', '2022-01-11 21:50:32', 5, 1),
(195, 'Usaquén', '1', '2022-01-11 21:50:32', 5, 1),
(196, 'Usme', '1', '2022-01-11 21:50:32', 5, 1),
(197, 'Achí', '1', '2022-01-11 21:50:32', 6, 1),
(198, 'Altos Del Rosario', '1', '2022-01-11 21:50:32', 6, 1),
(199, 'Arenal', '1', '2022-01-11 21:50:32', 6, 1),
(200, 'Arjona', '1', '2022-01-11 21:50:32', 6, 1),
(201, 'Arroyohondo', '1', '2022-01-11 21:50:32', 6, 1),
(202, 'Barranco De Loba', '1', '2022-01-11 21:50:32', 6, 1),
(203, 'Bayunca', '1', '2022-01-11 21:50:32', 6, 1),
(204, 'Calamar', '1', '2022-01-11 21:50:32', 6, 1),
(205, 'Cantagallo', '1', '2022-01-11 21:50:32', 6, 1),
(206, 'Cartagena De Indias', '1', '2022-01-11 21:50:32', 6, 1),
(207, 'Cascajal', '1', '2022-01-11 21:50:32', 6, 1),
(208, 'Cicuco', '1', '2022-01-11 21:50:32', 6, 1),
(209, 'Clemencia', '1', '2022-01-11 21:50:32', 6, 1),
(210, 'Córdoba', '1', '2022-01-11 21:50:32', 6, 1),
(211, 'El Carmen De Bolívar', '1', '2022-01-11 21:50:32', 6, 1),
(212, 'El Guamo', '1', '2022-01-11 21:50:32', 6, 1),
(213, 'El Peñón', '1', '2022-01-11 21:50:32', 6, 1),
(214, 'Gambote', '1', '2022-01-11 21:50:32', 6, 1),
(215, 'Hatillo De Loba', '1', '2022-01-11 21:50:32', 6, 1),
(216, 'Juan Arias', '1', '2022-01-11 21:50:32', 6, 1),
(217, 'Magangué', '1', '2022-01-11 21:50:32', 6, 1),
(218, 'Mahates', '1', '2022-01-11 21:50:32', 6, 1),
(219, 'Malagana', '1', '2022-01-11 21:50:32', 6, 1),
(220, 'Margarita', '1', '2022-01-11 21:50:32', 6, 1),
(221, 'María La Baja', '1', '2022-01-11 21:50:32', 6, 1),
(222, 'Mompós', '1', '2022-01-11 21:50:32', 6, 1),
(223, 'Montecristo', '1', '2022-01-11 21:50:32', 6, 1),
(224, 'Morales', '1', '2022-01-11 21:50:32', 6, 1),
(225, 'Otra ciudad', '1', '2022-01-11 21:50:32', 6, 1),
(226, 'Pasacaballos', '1', '2022-01-11 21:50:32', 6, 1),
(227, 'Pinillos', '1', '2022-01-11 21:50:32', 6, 1),
(228, 'Pontezuela', '1', '2022-01-11 21:50:32', 6, 1),
(229, 'Punta de Cartagena', '1', '2022-01-11 21:50:32', 6, 1),
(230, 'Regidor', '1', '2022-01-11 21:50:32', 6, 1),
(231, 'Rio Viejo', '1', '2022-01-11 21:50:32', 6, 1),
(232, 'San Cristobal', '1', '2022-01-11 21:50:32', 6, 1),
(233, 'San Estanislao', '1', '2022-01-11 21:50:32', 6, 1),
(234, 'San Fernando', '1', '2022-01-11 21:50:32', 6, 1),
(235, 'San Jacinto', '1', '2022-01-11 21:50:32', 6, 1),
(236, 'San Jacinto Del Cauca', '1', '2022-01-11 21:50:32', 6, 1),
(237, 'San Juan Nepomuceno', '1', '2022-01-11 21:50:32', 6, 1),
(238, 'San Martín De Loba', '1', '2022-01-11 21:50:32', 6, 1),
(239, 'San Pablo', '1', '2022-01-11 21:50:32', 6, 1),
(240, 'Santa Ana', '1', '2022-01-11 21:50:32', 6, 1),
(241, 'Santa Catalina', '1', '2022-01-11 21:50:32', 6, 1),
(242, 'Santa Rosa', '1', '2022-01-11 21:50:32', 6, 1),
(243, 'Santa Rosa Del Sur', '1', '2022-01-11 21:50:32', 6, 1),
(244, 'Santa Rosa de Lima', '1', '2022-01-11 21:50:32', 6, 1),
(245, 'Simití', '1', '2022-01-11 21:50:32', 6, 1),
(246, 'Sincerin', '1', '2022-01-11 21:50:32', 6, 1),
(247, 'Soplaviento', '1', '2022-01-11 21:50:32', 6, 1),
(248, 'Talaigua Nuevo', '1', '2022-01-11 21:50:32', 6, 1),
(249, 'Tiquisio', '1', '2022-01-11 21:50:32', 6, 1),
(250, 'Tiquisio Nuevo', '1', '2022-01-11 21:50:32', 6, 1),
(251, 'Turbaco', '1', '2022-01-11 21:50:32', 6, 1),
(252, 'Turbana', '1', '2022-01-11 21:50:32', 6, 1),
(253, 'Villanueva', '1', '2022-01-11 21:50:32', 6, 1),
(254, 'Yati', '1', '2022-01-11 21:50:32', 6, 1),
(255, 'Zambrano', '1', '2022-01-11 21:50:32', 6, 1),
(256, 'Almeida', '1', '2022-01-11 21:50:32', 7, 1),
(257, 'Aquitania', '1', '2022-01-11 21:50:32', 7, 1),
(258, 'Arcabuco', '1', '2022-01-11 21:50:32', 7, 1),
(259, 'Belencito', '1', '2022-01-11 21:50:32', 7, 1),
(260, 'Belén', '1', '2022-01-11 21:50:32', 7, 1),
(261, 'Berbeo', '1', '2022-01-11 21:50:32', 7, 1),
(262, 'Beteitiva', '1', '2022-01-11 21:50:32', 7, 1),
(263, 'Boavita', '1', '2022-01-11 21:50:32', 7, 1),
(264, 'Boyacá', '1', '2022-01-11 21:50:32', 7, 1),
(265, 'Briceño', '1', '2022-01-11 21:50:32', 7, 1),
(266, 'Buenavista', '1', '2022-01-11 21:50:32', 7, 1),
(267, 'Busbanza', '1', '2022-01-11 21:50:32', 7, 1),
(268, 'Caldas', '1', '2022-01-11 21:50:32', 7, 1),
(269, 'Campohermoso', '1', '2022-01-11 21:50:32', 7, 1),
(270, 'Cerinza', '1', '2022-01-11 21:50:32', 7, 1),
(271, 'Chinavita', '1', '2022-01-11 21:50:32', 7, 1),
(272, 'Chiquinquirá', '1', '2022-01-11 21:50:32', 7, 1),
(273, 'Chiscas', '1', '2022-01-11 21:50:32', 7, 1),
(274, 'Chita', '1', '2022-01-11 21:50:32', 7, 1),
(275, 'Chitaraque', '1', '2022-01-11 21:50:32', 7, 1),
(276, 'Chivatá', '1', '2022-01-11 21:50:32', 7, 1),
(277, 'Chivor', '1', '2022-01-11 21:50:32', 7, 1),
(278, 'Chíquiza', '1', '2022-01-11 21:50:32', 7, 1),
(279, 'Ciénega', '1', '2022-01-11 21:50:32', 7, 1),
(280, 'Coper', '1', '2022-01-11 21:50:32', 7, 1),
(281, 'Corrales', '1', '2022-01-11 21:50:32', 7, 1),
(282, 'Covarachía', '1', '2022-01-11 21:50:32', 7, 1),
(283, 'Cubará', '1', '2022-01-11 21:50:32', 7, 1),
(284, 'Cucaita', '1', '2022-01-11 21:50:32', 7, 1),
(285, 'Cuítiva', '1', '2022-01-11 21:50:32', 7, 1),
(286, 'Cómbita', '1', '2022-01-11 21:50:32', 7, 1),
(287, 'Duitama', '1', '2022-01-11 21:50:32', 7, 1),
(288, 'El Cocuy', '1', '2022-01-11 21:50:32', 7, 1),
(289, 'El Espino', '1', '2022-01-11 21:50:32', 7, 1),
(290, 'Encino', '1', '2022-01-11 21:50:32', 7, 1),
(291, 'Firavitoba', '1', '2022-01-11 21:50:32', 7, 1),
(292, 'Floresta', '1', '2022-01-11 21:50:32', 7, 1),
(293, 'Gachantivá', '1', '2022-01-11 21:50:32', 7, 1),
(294, 'Garagoa', '1', '2022-01-11 21:50:32', 7, 1),
(295, 'Guacamayas', '1', '2022-01-11 21:50:32', 7, 1),
(296, 'Guateque', '1', '2022-01-11 21:50:32', 7, 1),
(297, 'Guayatá', '1', '2022-01-11 21:50:32', 7, 1),
(298, 'Guicán', '1', '2022-01-11 21:50:32', 7, 1),
(299, 'Gámeza', '1', '2022-01-11 21:50:32', 7, 1),
(300, 'Iza', '1', '2022-01-11 21:50:32', 7, 1),
(301, 'Jenesano', '1', '2022-01-11 21:50:32', 7, 1),
(302, 'Jericó', '1', '2022-01-11 21:50:32', 7, 1),
(303, 'La Capilla', '1', '2022-01-11 21:50:32', 7, 1),
(304, 'La Uvita', '1', '2022-01-11 21:50:32', 7, 1),
(305, 'La Victoria', '1', '2022-01-11 21:50:32', 7, 1),
(306, 'Labranzagrande', '1', '2022-01-11 21:50:32', 7, 1),
(307, 'Macanal', '1', '2022-01-11 21:50:32', 7, 1),
(308, 'Maripí', '1', '2022-01-11 21:50:32', 7, 1),
(309, 'Miraflores', '1', '2022-01-11 21:50:32', 7, 1),
(310, 'Mongua', '1', '2022-01-11 21:50:32', 7, 1),
(311, 'Monguí', '1', '2022-01-11 21:50:32', 7, 1),
(312, 'Moniquirá', '1', '2022-01-11 21:50:32', 7, 1),
(313, 'Motavita', '1', '2022-01-11 21:50:32', 7, 1),
(314, 'Muzo', '1', '2022-01-11 21:50:32', 7, 1),
(315, 'Nobsa', '1', '2022-01-11 21:50:32', 7, 1),
(316, 'Nuevo Colón', '1', '2022-01-11 21:50:32', 7, 1),
(317, 'Oicatá', '1', '2022-01-11 21:50:32', 7, 1),
(318, 'Otanche', '1', '2022-01-11 21:50:32', 7, 1),
(319, 'Otra ciudad', '1', '2022-01-11 21:50:32', 7, 1),
(320, 'Pachavita', '1', '2022-01-11 21:50:32', 7, 1),
(321, 'Paipa', '1', '2022-01-11 21:50:32', 7, 1),
(322, 'Pajarito', '1', '2022-01-11 21:50:32', 7, 1),
(323, 'Panqueba', '1', '2022-01-11 21:50:32', 7, 1),
(324, 'Pauna', '1', '2022-01-11 21:50:32', 7, 1),
(325, 'Paya', '1', '2022-01-11 21:50:32', 7, 1),
(326, 'Paz De Rio', '1', '2022-01-11 21:50:32', 7, 1),
(327, 'Pesca', '1', '2022-01-11 21:50:32', 7, 1),
(328, 'Pisva', '1', '2022-01-11 21:50:32', 7, 1),
(329, 'Puerto Boyacá', '1', '2022-01-11 21:50:32', 7, 1),
(330, 'Páez', '1', '2022-01-11 21:50:32', 7, 1),
(331, 'Quípama', '1', '2022-01-11 21:50:32', 7, 1),
(332, 'Ramiriquí', '1', '2022-01-11 21:50:32', 7, 1),
(333, 'Rondón', '1', '2022-01-11 21:50:32', 7, 1),
(334, 'Ráquira', '1', '2022-01-11 21:50:32', 7, 1),
(335, 'Saboyá', '1', '2022-01-11 21:50:32', 7, 1),
(336, 'Samacá', '1', '2022-01-11 21:50:32', 7, 1),
(337, 'San Eduardo', '1', '2022-01-11 21:50:32', 7, 1),
(338, 'San José de Pare', '1', '2022-01-11 21:50:32', 7, 1),
(339, 'San Luis De Gaceno', '1', '2022-01-11 21:50:32', 7, 1),
(340, 'San Mateo', '1', '2022-01-11 21:50:32', 7, 1),
(341, 'San Miguel De Sema', '1', '2022-01-11 21:50:32', 7, 1),
(342, 'San Pablo De Borbur', '1', '2022-01-11 21:50:32', 7, 1),
(343, 'Santa Barbara', '1', '2022-01-11 21:50:32', 7, 1),
(344, 'Santa María', '1', '2022-01-11 21:50:32', 7, 1),
(345, 'Santa Rosa De Viterbo', '1', '2022-01-11 21:50:32', 7, 1),
(346, 'Santa Sofía', '1', '2022-01-11 21:50:32', 7, 1),
(347, 'Santana', '1', '2022-01-11 21:50:32', 7, 1),
(348, 'Sativanorte', '1', '2022-01-11 21:50:32', 7, 1),
(349, 'Sativasur', '1', '2022-01-11 21:50:32', 7, 1),
(350, 'Siachoque', '1', '2022-01-11 21:50:32', 7, 1),
(351, 'Soatá', '1', '2022-01-11 21:50:32', 7, 1),
(352, 'Socha', '1', '2022-01-11 21:50:32', 7, 1),
(353, 'Socotá', '1', '2022-01-11 21:50:32', 7, 1),
(354, 'Sogamoso', '1', '2022-01-11 21:50:32', 7, 1),
(355, 'Somondoco', '1', '2022-01-11 21:50:32', 7, 1),
(356, 'Sora', '1', '2022-01-11 21:50:32', 7, 1),
(357, 'Soracá', '1', '2022-01-11 21:50:32', 7, 1),
(358, 'Sotaquirá', '1', '2022-01-11 21:50:32', 7, 1),
(359, 'Susacón', '1', '2022-01-11 21:50:32', 7, 1),
(360, 'Sutamarchán', '1', '2022-01-11 21:50:32', 7, 1),
(361, 'Sutatenza', '1', '2022-01-11 21:50:32', 7, 1),
(362, 'Sáchica', '1', '2022-01-11 21:50:32', 7, 1),
(363, 'Tasco', '1', '2022-01-11 21:50:32', 7, 1),
(364, 'Tenza', '1', '2022-01-11 21:50:32', 7, 1),
(365, 'Tibaná', '1', '2022-01-11 21:50:32', 7, 1),
(366, 'Tibasosa', '1', '2022-01-11 21:50:32', 7, 1),
(367, 'Tierra Negra', '1', '2022-01-11 21:50:32', 7, 1),
(368, 'Tinjacá', '1', '2022-01-11 21:50:32', 7, 1),
(369, 'Tipacoque', '1', '2022-01-11 21:50:32', 7, 1),
(370, 'Toca', '1', '2022-01-11 21:50:32', 7, 1),
(371, 'Togüí', '1', '2022-01-11 21:50:32', 7, 1),
(372, 'Tota', '1', '2022-01-11 21:50:32', 7, 1),
(373, 'Trinidad', '1', '2022-01-11 21:50:32', 7, 1),
(374, 'Tunja', '1', '2022-01-11 21:50:32', 7, 1),
(375, 'Tununguá', '1', '2022-01-11 21:50:32', 7, 1),
(376, 'Turmequé', '1', '2022-01-11 21:50:32', 7, 1),
(377, 'Tuta', '1', '2022-01-11 21:50:32', 7, 1),
(378, 'Tutazá', '1', '2022-01-11 21:50:32', 7, 1),
(379, 'Tópaga', '1', '2022-01-11 21:50:32', 7, 1),
(380, 'Ventaquemada', '1', '2022-01-11 21:50:32', 7, 1),
(381, 'Villa De Leiva', '1', '2022-01-11 21:50:32', 7, 1),
(382, 'Villa de Leyva', '1', '2022-01-11 21:50:32', 7, 1),
(383, 'Viracachá', '1', '2022-01-11 21:50:32', 7, 1),
(384, 'Zetaquira', '1', '2022-01-11 21:50:32', 7, 1),
(385, 'Úmbita', '1', '2022-01-11 21:50:32', 7, 1),
(386, 'Aguadas', '1', '2022-01-11 21:50:32', 8, 1),
(387, 'Alto Tablazo', '1', '2022-01-11 21:50:32', 8, 1),
(388, 'Anserma', '1', '2022-01-11 21:50:32', 8, 1),
(389, 'Aranzazu', '1', '2022-01-11 21:50:32', 8, 1),
(390, 'Arauca', '1', '2022-01-11 21:50:32', 8, 1),
(391, 'Bajo Tablazo', '1', '2022-01-11 21:50:32', 8, 1),
(392, 'Belalcazar', '1', '2022-01-11 21:50:32', 8, 1),
(393, 'Bolivia', '1', '2022-01-11 21:50:32', 8, 1),
(394, 'Chinchiná', '1', '2022-01-11 21:50:32', 8, 1),
(395, 'Filadelfia', '1', '2022-01-11 21:50:32', 8, 1),
(396, 'Guarinocito', '1', '2022-01-11 21:50:32', 8, 1),
(397, 'La Dorada', '1', '2022-01-11 21:50:32', 8, 1),
(398, 'La Linda', '1', '2022-01-11 21:50:32', 8, 1),
(399, 'La Merced', '1', '2022-01-11 21:50:32', 8, 1),
(400, 'Manizales', '1', '2022-01-11 21:50:32', 8, 1),
(401, 'Manzanares', '1', '2022-01-11 21:50:32', 8, 1),
(402, 'Marmato', '1', '2022-01-11 21:50:32', 8, 1),
(403, 'Marquetalia', '1', '2022-01-11 21:50:32', 8, 1),
(404, 'Marulanda', '1', '2022-01-11 21:50:32', 8, 1),
(405, 'Neira', '1', '2022-01-11 21:50:32', 8, 1),
(406, 'Norcasia', '1', '2022-01-11 21:50:32', 8, 1),
(407, 'Otra ciudad', '1', '2022-01-11 21:50:32', 8, 1),
(408, 'Palestina', '1', '2022-01-11 21:50:32', 8, 1),
(409, 'Pensilvania', '1', '2022-01-11 21:50:32', 8, 1),
(410, 'Pácora', '1', '2022-01-11 21:50:32', 8, 1),
(411, 'Riosucio', '1', '2022-01-11 21:50:32', 8, 1),
(412, 'Risaralda', '1', '2022-01-11 21:50:32', 8, 1),
(413, 'Salamina', '1', '2022-01-11 21:50:32', 8, 1),
(414, 'Samaná', '1', '2022-01-11 21:50:32', 8, 1),
(415, 'Samaria', '1', '2022-01-11 21:50:32', 8, 1),
(416, 'San José', '1', '2022-01-11 21:50:32', 8, 1),
(417, 'Supia', '1', '2022-01-11 21:50:32', 8, 1),
(418, 'Victoria', '1', '2022-01-11 21:50:32', 8, 1),
(419, 'Villamaria', '1', '2022-01-11 21:50:32', 8, 1),
(420, 'Viterbo', '1', '2022-01-11 21:50:32', 8, 1),
(421, 'Albania', '1', '2022-01-11 21:50:32', 9, 1),
(422, 'Belén De Los Andaquíes', '1', '2022-01-11 21:50:32', 9, 1),
(423, 'Campo Hermoso', '1', '2022-01-11 21:50:32', 9, 1),
(424, 'Cartagena Del Chairá', '1', '2022-01-11 21:50:32', 9, 1),
(425, 'Curillo', '1', '2022-01-11 21:50:32', 9, 1),
(426, 'El Doncello', '1', '2022-01-11 21:50:32', 9, 1),
(427, 'El Paujil', '1', '2022-01-11 21:50:32', 9, 1),
(428, 'Florencia', '1', '2022-01-11 21:50:32', 9, 1),
(429, 'Milán', '1', '2022-01-11 21:50:32', 9, 1),
(430, 'Montañita', '1', '2022-01-11 21:50:32', 9, 1),
(431, 'Morelia', '1', '2022-01-11 21:50:32', 9, 1),
(432, 'Otra ciudad', '1', '2022-01-11 21:50:32', 9, 1),
(433, 'Puerto Rico', '1', '2022-01-11 21:50:32', 9, 1),
(434, 'San José Del Fragua', '1', '2022-01-11 21:50:32', 9, 1),
(435, 'San Vicente Del Caguán', '1', '2022-01-11 21:50:32', 9, 1),
(436, 'Solano', '1', '2022-01-11 21:50:32', 9, 1),
(437, 'Solita', '1', '2022-01-11 21:50:32', 9, 1),
(438, 'Valparaiso', '1', '2022-01-11 21:50:32', 9, 1),
(439, 'Aguazul', '1', '2022-01-11 21:50:32', 10, 1),
(440, 'Chámeza', '1', '2022-01-11 21:50:32', 10, 1),
(441, 'Hato Corozal', '1', '2022-01-11 21:50:32', 10, 1),
(442, 'La Salina', '1', '2022-01-11 21:50:32', 10, 1),
(443, 'Maní', '1', '2022-01-11 21:50:32', 10, 1),
(444, 'Monterrey', '1', '2022-01-11 21:50:32', 10, 1),
(445, 'Nunchía', '1', '2022-01-11 21:50:32', 10, 1),
(446, 'Orocué', '1', '2022-01-11 21:50:32', 10, 1),
(447, 'Otra ciudad', '1', '2022-01-11 21:50:32', 10, 1),
(448, 'Paz De Ariporo', '1', '2022-01-11 21:50:32', 10, 1),
(449, 'Pore', '1', '2022-01-11 21:50:32', 10, 1),
(450, 'Recetor', '1', '2022-01-11 21:50:32', 10, 1),
(451, 'Sabanalarga', '1', '2022-01-11 21:50:32', 10, 1),
(452, 'San Luis De Palenque', '1', '2022-01-11 21:50:32', 10, 1),
(453, 'Sácama', '1', '2022-01-11 21:50:32', 10, 1),
(454, 'Tauramena', '1', '2022-01-11 21:50:32', 10, 1),
(455, 'Trinidad', '1', '2022-01-11 21:50:32', 10, 1),
(456, 'Támara', '1', '2022-01-11 21:50:32', 10, 1),
(457, 'Villanueva', '1', '2022-01-11 21:50:32', 10, 1),
(458, 'Yopal', '1', '2022-01-11 21:50:32', 10, 1),
(459, 'Almaguer', '1', '2022-01-11 21:50:32', 11, 1),
(460, 'Argelia', '1', '2022-01-11 21:50:32', 11, 1),
(461, 'Balboa', '1', '2022-01-11 21:50:32', 11, 1),
(462, 'Belalcazar', '1', '2022-01-11 21:50:32', 11, 1),
(463, 'Bolívar', '1', '2022-01-11 21:50:32', 11, 1),
(464, 'Buenos Aires', '1', '2022-01-11 21:50:32', 11, 1),
(465, 'Cajibio', '1', '2022-01-11 21:50:32', 11, 1),
(466, 'Caldono', '1', '2022-01-11 21:50:32', 11, 1),
(467, 'Caloto', '1', '2022-01-11 21:50:32', 11, 1),
(468, 'Corinto', '1', '2022-01-11 21:50:32', 11, 1),
(469, 'El Bordo', '1', '2022-01-11 21:50:32', 11, 1),
(470, 'El Estrecho', '1', '2022-01-11 21:50:32', 11, 1),
(471, 'El Plateado', '1', '2022-01-11 21:50:32', 11, 1),
(472, 'El Tambo', '1', '2022-01-11 21:50:32', 11, 1),
(473, 'Florencia', '1', '2022-01-11 21:50:32', 11, 1),
(474, 'Guachene', '1', '2022-01-11 21:50:32', 11, 1),
(475, 'Guapi', '1', '2022-01-11 21:50:32', 11, 1),
(476, 'Inzá', '1', '2022-01-11 21:50:32', 11, 1),
(477, 'Jambaló', '1', '2022-01-11 21:50:32', 11, 1),
(478, 'La Sierra', '1', '2022-01-11 21:50:32', 11, 1),
(479, 'La Vega', '1', '2022-01-11 21:50:32', 11, 1),
(480, 'López', '1', '2022-01-11 21:50:32', 11, 1),
(481, 'Mercaderes', '1', '2022-01-11 21:50:32', 11, 1),
(482, 'Micay', '1', '2022-01-11 21:50:32', 11, 1),
(483, 'Miranda', '1', '2022-01-11 21:50:32', 11, 1),
(484, 'Morales', '1', '2022-01-11 21:50:32', 11, 1),
(485, 'Ortigal', '1', '2022-01-11 21:50:32', 11, 1),
(486, 'Otra ciudad', '1', '2022-01-11 21:50:32', 11, 1),
(487, 'Padilla', '1', '2022-01-11 21:50:32', 11, 1),
(488, 'Patía (El Bordo)', '1', '2022-01-11 21:50:32', 11, 1),
(489, 'Piamonte', '1', '2022-01-11 21:50:32', 11, 1),
(490, 'Piendamo', '1', '2022-01-11 21:50:32', 11, 1),
(491, 'Popayán', '1', '2022-01-11 21:50:32', 11, 1),
(492, 'Puerto Tejada', '1', '2022-01-11 21:50:32', 11, 1),
(493, 'Puracé (Coconuco)', '1', '2022-01-11 21:50:32', 11, 1),
(494, 'Páez (Belalcazar)', '1', '2022-01-11 21:50:32', 11, 1),
(495, 'Rosas', '1', '2022-01-11 21:50:32', 11, 1),
(496, 'San Sebastián', '1', '2022-01-11 21:50:32', 11, 1),
(497, 'Santa Rosa', '1', '2022-01-11 21:50:32', 11, 1),
(498, 'Santander De Quilichao', '1', '2022-01-11 21:50:32', 11, 1),
(499, 'Santiago', '1', '2022-01-11 21:50:32', 11, 1),
(500, 'Silvia', '1', '2022-01-11 21:50:32', 11, 1),
(501, 'Sotará (Paispamba)', '1', '2022-01-11 21:50:32', 11, 1),
(502, 'Sucre', '1', '2022-01-11 21:50:32', 11, 1),
(503, 'Suárez', '1', '2022-01-11 21:50:32', 11, 1),
(504, 'Timbio', '1', '2022-01-11 21:50:32', 11, 1),
(505, 'Timbiquí', '1', '2022-01-11 21:50:32', 11, 1),
(506, 'Toribio', '1', '2022-01-11 21:50:32', 11, 1),
(507, 'Totoró', '1', '2022-01-11 21:50:32', 11, 1),
(508, 'Tunia', '1', '2022-01-11 21:50:32', 11, 1),
(509, 'Villa Rica', '1', '2022-01-11 21:50:32', 11, 1),
(510, 'Aguachica', '1', '2022-01-11 21:50:32', 12, 1),
(511, 'Agustín Codazzi', '1', '2022-01-11 21:50:32', 12, 1),
(512, 'Astrea', '1', '2022-01-11 21:50:32', 12, 1),
(513, 'Becerril', '1', '2022-01-11 21:50:32', 12, 1),
(514, 'Bosconia', '1', '2022-01-11 21:50:32', 12, 1),
(515, 'Casacaza', '1', '2022-01-11 21:50:32', 12, 1),
(516, 'Chimichagua', '1', '2022-01-11 21:50:32', 12, 1),
(517, 'Chiriguana', '1', '2022-01-11 21:50:32', 12, 1),
(518, 'Codazzi', '1', '2022-01-11 21:50:32', 12, 1),
(519, 'Curumaní', '1', '2022-01-11 21:50:32', 12, 1),
(520, 'El Copey', '1', '2022-01-11 21:50:32', 12, 1),
(521, 'El Juncal', '1', '2022-01-11 21:50:32', 12, 1),
(522, 'El Paso', '1', '2022-01-11 21:50:32', 12, 1),
(523, 'Gamarra', '1', '2022-01-11 21:50:32', 12, 1),
(524, 'González', '1', '2022-01-11 21:50:32', 12, 1),
(525, 'La Gloria', '1', '2022-01-11 21:50:32', 12, 1),
(526, 'La Jagua de Ibirico', '1', '2022-01-11 21:50:32', 12, 1),
(527, 'La Loma', '1', '2022-01-11 21:50:32', 12, 1),
(528, 'La Mata', '1', '2022-01-11 21:50:32', 12, 1),
(529, 'La Paz', '1', '2022-01-11 21:50:32', 12, 1),
(530, 'La Sierra', '1', '2022-01-11 21:50:32', 12, 1),
(531, 'Las Vegas', '1', '2022-01-11 21:50:32', 12, 1),
(532, 'Manaure Balcón Del Cesar', '1', '2022-01-11 21:50:32', 12, 1),
(533, 'Mina Drumond Pribbenow', '1', '2022-01-11 21:50:32', 12, 1),
(534, 'Otra ciudad', '1', '2022-01-11 21:50:32', 12, 1),
(535, 'Pailitas', '1', '2022-01-11 21:50:32', 12, 1),
(536, 'Pelaya', '1', '2022-01-11 21:50:32', 12, 1),
(537, 'Pueblo Bello', '1', '2022-01-11 21:50:32', 12, 1),
(538, 'Rio De Oro', '1', '2022-01-11 21:50:32', 12, 1),
(539, 'San Alberto', '1', '2022-01-11 21:50:32', 12, 1),
(540, 'San Diego', '1', '2022-01-11 21:50:32', 12, 1),
(541, 'San Martín', '1', '2022-01-11 21:50:32', 12, 1),
(542, 'San Roque', '1', '2022-01-11 21:50:32', 12, 1),
(543, 'Tamalameque', '1', '2022-01-11 21:50:32', 12, 1),
(544, 'Valledupar', '1', '2022-01-11 21:50:32', 12, 1),
(545, 'Acandí', '1', '2022-01-11 21:50:32', 13, 1),
(546, 'Alto Baudó (Pie De Pato)', '1', '2022-01-11 21:50:32', 13, 1),
(547, 'Atrato (Yuto)', '1', '2022-01-11 21:50:32', 13, 1),
(548, 'Bagadó', '1', '2022-01-11 21:50:32', 13, 1),
(549, 'Bahía Solano (Mutis)', '1', '2022-01-11 21:50:32', 13, 1),
(550, 'Bajo Baudó (Pizarro)', '1', '2022-01-11 21:50:32', 13, 1),
(551, 'Belén de Bajirá', '1', '2022-01-11 21:50:32', 13, 1),
(552, 'Bojayá (Bellavista)', '1', '2022-01-11 21:50:32', 13, 1),
(553, 'Carmen del Darien', '1', '2022-01-11 21:50:32', 13, 1),
(554, 'Condoto', '1', '2022-01-11 21:50:32', 13, 1),
(555, 'Cértegui', '1', '2022-01-11 21:50:32', 13, 1),
(556, 'El Cantón Del San Pablo (Managrú)', '1', '2022-01-11 21:50:32', 13, 1),
(557, 'El Carmen', '1', '2022-01-11 21:50:32', 13, 1),
(558, 'El Carmen de Atrato', '1', '2022-01-11 21:50:32', 13, 1),
(559, 'El Litoral Del San Juán (Docordo)', '1', '2022-01-11 21:50:32', 13, 1),
(560, 'Istmina', '1', '2022-01-11 21:50:32', 13, 1),
(561, 'Juradó', '1', '2022-01-11 21:50:32', 13, 1),
(562, 'Lloró', '1', '2022-01-11 21:50:32', 13, 1),
(563, 'Medio Atrato', '1', '2022-01-11 21:50:32', 13, 1),
(564, 'Medio Baudó(Boca De Pepe)', '1', '2022-01-11 21:50:32', 13, 1),
(565, 'Medio San Juan', '1', '2022-01-11 21:50:32', 13, 1),
(566, 'Nuquí', '1', '2022-01-11 21:50:32', 13, 1),
(567, 'Nóvita', '1', '2022-01-11 21:50:32', 13, 1),
(568, 'Otra ciudad', '1', '2022-01-11 21:50:32', 13, 1),
(569, 'Pizarro', '1', '2022-01-11 21:50:32', 13, 1),
(570, 'Quibdó', '1', '2022-01-11 21:50:32', 13, 1),
(571, 'Rio Iró (Santa Rita De Iro)', '1', '2022-01-11 21:50:32', 13, 1),
(572, 'Rio Quito (Paimado)', '1', '2022-01-11 21:50:32', 13, 1),
(573, 'Riosucio', '1', '2022-01-11 21:50:32', 13, 1),
(574, 'San José Del Palmar', '1', '2022-01-11 21:50:32', 13, 1),
(575, 'Sipí', '1', '2022-01-11 21:50:32', 13, 1),
(576, 'Tadó', '1', '2022-01-11 21:50:32', 13, 1),
(577, 'Unguía', '1', '2022-01-11 21:50:32', 13, 1),
(578, 'Unión Panamericana (Las Animas)', '1', '2022-01-11 21:50:32', 13, 1),
(579, 'Agua De Dios', '1', '2022-01-11 21:50:32', 14, 1),
(580, 'Albán', '1', '2022-01-11 21:50:32', 14, 1),
(581, 'Anapoima', '1', '2022-01-11 21:50:32', 14, 1),
(582, 'Anolaima', '1', '2022-01-11 21:50:32', 14, 1),
(583, 'Apulo', '1', '2022-01-11 21:50:32', 14, 1),
(584, 'Arbeláez', '1', '2022-01-11 21:50:32', 14, 1),
(585, 'Beltrán', '1', '2022-01-11 21:50:32', 14, 1),
(586, 'Bituima', '1', '2022-01-11 21:50:32', 14, 1),
(587, 'Bojacá', '1', '2022-01-11 21:50:32', 14, 1),
(588, 'Briceño', '1', '2022-01-11 21:50:32', 14, 1),
(589, 'Cabrera', '1', '2022-01-11 21:50:32', 14, 1),
(590, 'Cachipay', '1', '2022-01-11 21:50:32', 14, 1),
(591, 'Cajicá', '1', '2022-01-11 21:50:32', 14, 1),
(592, 'Caparrapí', '1', '2022-01-11 21:50:32', 14, 1),
(593, 'Capellania', '1', '2022-01-11 21:50:32', 14, 1),
(594, 'Carmen De Carupa', '1', '2022-01-11 21:50:32', 14, 1),
(595, 'Chaguaní', '1', '2022-01-11 21:50:32', 14, 1),
(596, 'Chinauta', '1', '2022-01-11 21:50:32', 14, 1),
(597, 'Chipaque', '1', '2022-01-11 21:50:32', 14, 1),
(598, 'Choachí', '1', '2022-01-11 21:50:32', 14, 1),
(599, 'Chocontá', '1', '2022-01-11 21:50:32', 14, 1),
(600, 'Chía', '1', '2022-01-11 21:50:32', 14, 1),
(601, 'Cogua', '1', '2022-01-11 21:50:32', 14, 1),
(602, 'Cota', '1', '2022-01-11 21:50:32', 14, 1),
(603, 'Cucunubá', '1', '2022-01-11 21:50:32', 14, 1),
(604, 'Cáqueza', '1', '2022-01-11 21:50:32', 14, 1),
(605, 'El Colegio', '1', '2022-01-11 21:50:32', 14, 1),
(606, 'El Peñón', '1', '2022-01-11 21:50:32', 14, 1),
(607, 'El Rosal', '1', '2022-01-11 21:50:32', 14, 1),
(608, 'El Triunfo', '1', '2022-01-11 21:50:32', 14, 1),
(609, 'Facatativá', '1', '2022-01-11 21:50:32', 14, 1),
(610, 'Fosca', '1', '2022-01-11 21:50:32', 14, 1),
(611, 'Funza', '1', '2022-01-11 21:50:32', 14, 1),
(612, 'Fusagasugá', '1', '2022-01-11 21:50:32', 14, 1),
(613, 'Fómeque', '1', '2022-01-11 21:50:32', 14, 1),
(614, 'Fúquene', '1', '2022-01-11 21:50:32', 14, 1),
(615, 'Gachalá', '1', '2022-01-11 21:50:32', 14, 1),
(616, 'Gachancipá', '1', '2022-01-11 21:50:32', 14, 1),
(617, 'Gachetá', '1', '2022-01-11 21:50:32', 14, 1),
(618, 'Gama', '1', '2022-01-11 21:50:32', 14, 1),
(619, 'Girardot', '1', '2022-01-11 21:50:32', 14, 1),
(620, 'Granada', '1', '2022-01-11 21:50:32', 14, 1),
(621, 'Guachetá', '1', '2022-01-11 21:50:32', 14, 1),
(622, 'Guaduas', '1', '2022-01-11 21:50:32', 14, 1),
(623, 'Guasca', '1', '2022-01-11 21:50:32', 14, 1),
(624, 'Guataquí', '1', '2022-01-11 21:50:32', 14, 1),
(625, 'Guatavita', '1', '2022-01-11 21:50:32', 14, 1),
(626, 'Guayabal De Síquima', '1', '2022-01-11 21:50:32', 14, 1),
(627, 'Guayabetal', '1', '2022-01-11 21:50:32', 14, 1),
(628, 'Gutiérrez', '1', '2022-01-11 21:50:32', 14, 1),
(629, 'Jerusalén', '1', '2022-01-11 21:50:32', 14, 1),
(630, 'Junín', '1', '2022-01-11 21:50:32', 14, 1),
(631, 'La Calera', '1', '2022-01-11 21:50:32', 14, 1),
(632, 'La Florida', '1', '2022-01-11 21:50:32', 14, 1),
(633, 'La Gran Vía', '1', '2022-01-11 21:50:32', 14, 1),
(634, 'La Mesa', '1', '2022-01-11 21:50:32', 14, 1),
(635, 'La Palma', '1', '2022-01-11 21:50:32', 14, 1),
(636, 'La Peña', '1', '2022-01-11 21:50:32', 14, 1),
(637, 'La Vega', '1', '2022-01-11 21:50:32', 14, 1),
(638, 'La Victoria', '1', '2022-01-11 21:50:32', 14, 1),
(639, 'Lenguazaque', '1', '2022-01-11 21:50:32', 14, 1),
(640, 'Limoncitos', '1', '2022-01-11 21:50:32', 14, 1),
(641, 'Machetá', '1', '2022-01-11 21:50:32', 14, 1),
(642, 'Madrid', '1', '2022-01-11 21:50:32', 14, 1),
(643, 'Manta', '1', '2022-01-11 21:50:32', 14, 1),
(644, 'Medina', '1', '2022-01-11 21:50:32', 14, 1),
(645, 'Mosquera', '1', '2022-01-11 21:50:32', 14, 1),
(646, 'Nariño', '1', '2022-01-11 21:50:32', 14, 1),
(647, 'Nemocón', '1', '2022-01-11 21:50:32', 14, 1),
(648, 'Nilo', '1', '2022-01-11 21:50:32', 14, 1),
(649, 'Nimaima', '1', '2022-01-11 21:50:32', 14, 1),
(650, 'Nocaima', '1', '2022-01-11 21:50:32', 14, 1),
(651, 'Otra ciudad', '1', '2022-01-11 21:50:32', 14, 1),
(652, 'Pacho', '1', '2022-01-11 21:50:32', 14, 1),
(653, 'Paime', '1', '2022-01-11 21:50:32', 14, 1),
(654, 'Pandi', '1', '2022-01-11 21:50:32', 14, 1),
(655, 'Paratebueno', '1', '2022-01-11 21:50:32', 14, 1),
(656, 'Pasca', '1', '2022-01-11 21:50:32', 14, 1),
(657, 'Puente Quetame', '1', '2022-01-11 21:50:32', 14, 1),
(658, 'Puente de Piedra', '1', '2022-01-11 21:50:32', 14, 1),
(659, 'Puerto Bogota', '1', '2022-01-11 21:50:32', 14, 1),
(660, 'Puerto Salgar', '1', '2022-01-11 21:50:32', 14, 1),
(661, 'Pulí', '1', '2022-01-11 21:50:32', 14, 1),
(662, 'Quebradanegra', '1', '2022-01-11 21:50:32', 14, 1),
(663, 'Quetame', '1', '2022-01-11 21:50:32', 14, 1),
(664, 'Quipile', '1', '2022-01-11 21:50:32', 14, 1),
(665, 'Ricaurte', '1', '2022-01-11 21:50:32', 14, 1),
(666, 'San Antonio Del Tequendama', '1', '2022-01-11 21:50:32', 14, 1),
(667, 'San Bernardo', '1', '2022-01-11 21:50:32', 14, 1),
(668, 'San Cayetano', '1', '2022-01-11 21:50:32', 14, 1),
(669, 'San Francisco', '1', '2022-01-11 21:50:32', 14, 1),
(670, 'San Joaquin', '1', '2022-01-11 21:50:32', 14, 1),
(671, 'San Juan de Ríoseco', '1', '2022-01-11 21:50:32', 14, 1),
(672, 'Santandercito', '1', '2022-01-11 21:50:32', 14, 1),
(673, 'Sasaima', '1', '2022-01-11 21:50:32', 14, 1),
(674, 'Sesquilé', '1', '2022-01-11 21:50:32', 14, 1),
(675, 'Sibaté', '1', '2022-01-11 21:50:32', 14, 1),
(676, 'Silvanía', '1', '2022-01-11 21:50:32', 14, 1),
(677, 'Simijaca', '1', '2022-01-11 21:50:32', 14, 1),
(678, 'Soacha', '1', '2022-01-11 21:50:32', 14, 1),
(679, 'Sopó', '1', '2022-01-11 21:50:32', 14, 1),
(680, 'Subachoque', '1', '2022-01-11 21:50:32', 14, 1),
(681, 'Subia', '1', '2022-01-11 21:50:32', 14, 1),
(682, 'Suesca', '1', '2022-01-11 21:50:32', 14, 1),
(683, 'Supatá', '1', '2022-01-11 21:50:32', 14, 1),
(684, 'Susa', '1', '2022-01-11 21:50:32', 14, 1),
(685, 'Sutatausa', '1', '2022-01-11 21:50:32', 14, 1),
(686, 'Tabio', '1', '2022-01-11 21:50:32', 14, 1),
(687, 'Tausa', '1', '2022-01-11 21:50:32', 14, 1),
(688, 'Tena', '1', '2022-01-11 21:50:32', 14, 1),
(689, 'Tenjo', '1', '2022-01-11 21:50:32', 14, 1),
(690, 'Tibacuy', '1', '2022-01-11 21:50:32', 14, 1),
(691, 'Tibirita', '1', '2022-01-11 21:50:32', 14, 1),
(692, 'Tibito', '1', '2022-01-11 21:50:32', 14, 1),
(693, 'Tocaima', '1', '2022-01-11 21:50:32', 14, 1),
(694, 'Tocancipá', '1', '2022-01-11 21:50:32', 14, 1),
(695, 'Tolemaida', '1', '2022-01-11 21:50:32', 14, 1),
(696, 'Topaipí', '1', '2022-01-11 21:50:32', 14, 1),
(697, 'Ubalá', '1', '2022-01-11 21:50:32', 14, 1),
(698, 'Ubaque', '1', '2022-01-11 21:50:32', 14, 1),
(699, 'Ubaté', '1', '2022-01-11 21:50:32', 14, 1),
(700, 'Une', '1', '2022-01-11 21:50:32', 14, 1),
(701, 'Venecia', '1', '2022-01-11 21:50:32', 14, 1),
(702, 'Vergara', '1', '2022-01-11 21:50:32', 14, 1),
(703, 'Vianí', '1', '2022-01-11 21:50:32', 14, 1),
(704, 'Villa de San Diego de Ubate', '1', '2022-01-11 21:50:32', 14, 1),
(705, 'Villagómez', '1', '2022-01-11 21:50:32', 14, 1),
(706, 'Villapinzón', '1', '2022-01-11 21:50:32', 14, 1),
(707, 'Villeta', '1', '2022-01-11 21:50:32', 14, 1),
(708, 'Viotá', '1', '2022-01-11 21:50:32', 14, 1),
(709, 'Yacopí', '1', '2022-01-11 21:50:32', 14, 1),
(710, 'Zipacón', '1', '2022-01-11 21:50:32', 14, 1),
(711, 'Zipaquirá', '1', '2022-01-11 21:50:32', 14, 1),
(712, 'Útica', '1', '2022-01-11 21:50:32', 14, 1),
(713, 'Ayapel', '1', '2022-01-11 21:50:32', 15, 1),
(714, 'Buenavista', '1', '2022-01-11 21:50:32', 15, 1),
(715, 'Canalete', '1', '2022-01-11 21:50:32', 15, 1),
(716, 'Carrillo', '1', '2022-01-11 21:50:32', 15, 1),
(717, 'Cereté', '1', '2022-01-11 21:50:32', 15, 1),
(718, 'Cerromatoso', '1', '2022-01-11 21:50:32', 15, 1),
(719, 'Chimá', '1', '2022-01-11 21:50:32', 15, 1),
(720, 'Chinú', '1', '2022-01-11 21:50:32', 15, 1),
(721, 'Ciénaga De Oro', '1', '2022-01-11 21:50:32', 15, 1),
(722, 'Cotorra', '1', '2022-01-11 21:50:32', 15, 1),
(723, 'El Porvenir', '1', '2022-01-11 21:50:32', 15, 1),
(724, 'La Apartada', '1', '2022-01-11 21:50:32', 15, 1),
(725, 'La Apartada y La Frontera', '1', '2022-01-11 21:50:32', 15, 1),
(726, 'Lorica', '1', '2022-01-11 21:50:32', 15, 1),
(727, 'Los Córdobas', '1', '2022-01-11 21:50:32', 15, 1),
(728, 'Los Garzones', '1', '2022-01-11 21:50:32', 15, 1),
(729, 'Momil', '1', '2022-01-11 21:50:32', 15, 1),
(730, 'Montelíbano', '1', '2022-01-11 21:50:32', 15, 1),
(731, 'Montería', '1', '2022-01-11 21:50:32', 15, 1),
(732, 'Moñitos', '1', '2022-01-11 21:50:32', 15, 1),
(733, 'Otra ciudad', '1', '2022-01-11 21:50:32', 15, 1),
(734, 'Planeta Rica', '1', '2022-01-11 21:50:32', 15, 1),
(735, 'Pueblo Nuevo', '1', '2022-01-11 21:50:32', 15, 1),
(736, 'Puerto Escondido', '1', '2022-01-11 21:50:32', 15, 1),
(737, 'Puerto Libertador', '1', '2022-01-11 21:50:32', 15, 1),
(738, 'Purísima', '1', '2022-01-11 21:50:32', 15, 1),
(739, 'Sahagún', '1', '2022-01-11 21:50:32', 15, 1),
(740, 'San Andrés De Sotavento', '1', '2022-01-11 21:50:32', 15, 1),
(741, 'San Antero', '1', '2022-01-11 21:50:32', 15, 1),
(742, 'San Bernardo Del Viento', '1', '2022-01-11 21:50:32', 15, 1),
(743, 'San Carlos', '1', '2022-01-11 21:50:32', 15, 1),
(744, 'San José de Uré', '1', '2022-01-11 21:50:32', 15, 1),
(745, 'San Pelayo', '1', '2022-01-11 21:50:32', 15, 1),
(746, 'Tierralta', '1', '2022-01-11 21:50:32', 15, 1),
(747, 'Tuchin', '1', '2022-01-11 21:50:32', 15, 1),
(748, 'Valencia', '1', '2022-01-11 21:50:32', 15, 1),
(749, 'Barranco Mina', '1', '2022-01-11 21:50:32', 16, 1),
(750, 'Cacahual', '1', '2022-01-11 21:50:32', 16, 1),
(751, 'Inírida', '1', '2022-01-11 21:50:32', 16, 1),
(752, 'La Guadalupe', '1', '2022-01-11 21:50:32', 16, 1),
(753, 'Mapiripana', '1', '2022-01-11 21:50:32', 16, 1),
(754, 'Morichal (Morichal Nuevo)', '1', '2022-01-11 21:50:32', 16, 1),
(755, 'Otra ciudad', '1', '2022-01-11 21:50:32', 16, 1),
(756, 'Paná-Paná (Campo Alegre)', '1', '2022-01-11 21:50:32', 16, 1),
(757, 'Puerto Colombia', '1', '2022-01-11 21:50:32', 16, 1),
(758, 'Puerto Inirida', '1', '2022-01-11 21:50:32', 16, 1),
(759, 'San Felipe', '1', '2022-01-11 21:50:32', 16, 1),
(760, 'Albania', '1', '2022-01-11 21:50:32', 17, 1),
(761, 'Barrancas', '1', '2022-01-11 21:50:32', 17, 1),
(762, 'Cuestecitas', '1', '2022-01-11 21:50:32', 17, 1),
(763, 'Dibulla', '1', '2022-01-11 21:50:32', 17, 1),
(764, 'Distraccion', '1', '2022-01-11 21:50:32', 17, 1),
(765, 'El Molino', '1', '2022-01-11 21:50:32', 17, 1),
(766, 'Fonseca', '1', '2022-01-11 21:50:32', 17, 1),
(767, 'Hatonuevo', '1', '2022-01-11 21:50:32', 17, 1),
(768, 'La Jagua Del Pilar', '1', '2022-01-11 21:50:32', 17, 1),
(769, 'La Mina', '1', '2022-01-11 21:50:32', 17, 1),
(770, 'La Paz', '1', '2022-01-11 21:50:32', 17, 1),
(771, 'Maicao', '1', '2022-01-11 21:50:32', 17, 1),
(772, 'Manaure', '1', '2022-01-11 21:50:32', 17, 1),
(773, 'Mingueo', '1', '2022-01-11 21:50:32', 17, 1),
(774, 'Otra ciudad', '1', '2022-01-11 21:50:32', 17, 1),
(775, 'Palomino', '1', '2022-01-11 21:50:32', 17, 1),
(776, 'Paraguachon', '1', '2022-01-11 21:50:32', 17, 1),
(777, 'Riohacha', '1', '2022-01-11 21:50:32', 17, 1),
(778, 'San Juan Del Cesar', '1', '2022-01-11 21:50:32', 17, 1),
(779, 'Uribia', '1', '2022-01-11 21:50:32', 17, 1),
(780, 'Urumita', '1', '2022-01-11 21:50:32', 17, 1),
(781, 'Villanueva', '1', '2022-01-11 21:50:32', 17, 1),
(782, 'Calamar', '1', '2022-01-11 21:50:32', 18, 1),
(783, 'El Retorno', '1', '2022-01-11 21:50:32', 18, 1),
(784, 'Miraflores', '1', '2022-01-11 21:50:32', 18, 1),
(785, 'Otra ciudad', '1', '2022-01-11 21:50:32', 18, 1),
(786, 'San José Del Guaviare', '1', '2022-01-11 21:50:32', 18, 1),
(787, 'Acevedo', '1', '2022-01-11 21:50:32', 19, 1),
(788, 'Agrado', '1', '2022-01-11 21:50:32', 19, 1),
(789, 'Aipe', '1', '2022-01-11 21:50:32', 19, 1),
(790, 'Algeciras', '1', '2022-01-11 21:50:32', 19, 1),
(791, 'Altamira', '1', '2022-01-11 21:50:32', 19, 1),
(792, 'Baraya', '1', '2022-01-11 21:50:32', 19, 1),
(793, 'Belen', '1', '2022-01-11 21:50:32', 19, 1),
(794, 'Bruselas', '1', '2022-01-11 21:50:32', 19, 1),
(795, 'Caguan', '1', '2022-01-11 21:50:32', 19, 1),
(796, 'Campoalegre', '1', '2022-01-11 21:50:32', 19, 1),
(797, 'Colombia', '1', '2022-01-11 21:50:32', 19, 1),
(798, 'Elías', '1', '2022-01-11 21:50:32', 19, 1),
(799, 'Garzón', '1', '2022-01-11 21:50:32', 19, 1),
(800, 'Gigante', '1', '2022-01-11 21:50:32', 19, 1),
(801, 'Guadalupe', '1', '2022-01-11 21:50:32', 19, 1),
(802, 'Guayabal', '1', '2022-01-11 21:50:32', 19, 1),
(803, 'Hobo', '1', '2022-01-11 21:50:32', 19, 1),
(804, 'Isnos', '1', '2022-01-11 21:50:32', 19, 1),
(805, 'La Argentina', '1', '2022-01-11 21:50:32', 19, 1),
(806, 'La Plata', '1', '2022-01-11 21:50:32', 19, 1),
(807, 'Neiva', '1', '2022-01-11 21:50:32', 19, 1),
(808, 'Nátaga', '1', '2022-01-11 21:50:32', 19, 1),
(809, 'Oporapa', '1', '2022-01-11 21:50:32', 19, 1),
(810, 'Otra ciudad', '1', '2022-01-11 21:50:32', 19, 1),
(811, 'Pacarni', '1', '2022-01-11 21:50:32', 19, 1),
(812, 'Paicol', '1', '2022-01-11 21:50:32', 19, 1),
(813, 'Palermo', '1', '2022-01-11 21:50:32', 19, 1),
(814, 'Palestina', '1', '2022-01-11 21:50:32', 19, 1),
(815, 'Pital', '1', '2022-01-11 21:50:32', 19, 1),
(816, 'Pitalito', '1', '2022-01-11 21:50:32', 19, 1),
(817, 'Rivera', '1', '2022-01-11 21:50:32', 19, 1),
(818, 'Saladoblanco', '1', '2022-01-11 21:50:32', 19, 1),
(819, 'San Agustín', '1', '2022-01-11 21:50:32', 19, 1),
(820, 'San Jose De Isnos', '1', '2022-01-11 21:50:32', 19, 1),
(821, 'Santa María', '1', '2022-01-11 21:50:32', 19, 1),
(822, 'Suaza', '1', '2022-01-11 21:50:32', 19, 1),
(823, 'Tarqui', '1', '2022-01-11 21:50:32', 19, 1),
(824, 'Tello', '1', '2022-01-11 21:50:32', 19, 1),
(825, 'Teruel', '1', '2022-01-11 21:50:32', 19, 1),
(826, 'Tesalia', '1', '2022-01-11 21:50:32', 19, 1),
(827, 'Timaná', '1', '2022-01-11 21:50:32', 19, 1),
(828, 'Ulloa', '1', '2022-01-11 21:50:32', 19, 1),
(829, 'Villavieja', '1', '2022-01-11 21:50:32', 19, 1),
(830, 'Yaguará', '1', '2022-01-11 21:50:32', 19, 1),
(831, 'Zuluaga', '1', '2022-01-11 21:50:32', 19, 1),
(832, 'Íquira', '1', '2022-01-11 21:50:32', 19, 1),
(833, 'Algarrobo', '1', '2022-01-11 21:50:32', 20, 1),
(834, 'Aracataca', '1', '2022-01-11 21:50:32', 20, 1),
(835, 'Ariguaní (El Dificil)', '1', '2022-01-11 21:50:32', 20, 1),
(836, 'Buritaca', '1', '2022-01-11 21:50:32', 20, 1),
(837, 'Carreto', '1', '2022-01-11 21:50:32', 20, 1),
(838, 'Cerro De San Antonio', '1', '2022-01-11 21:50:32', 20, 1),
(839, 'Chivolo', '1', '2022-01-11 21:50:32', 20, 1),
(840, 'Ciénaga', '1', '2022-01-11 21:50:32', 20, 1),
(841, 'Concordia', '1', '2022-01-11 21:50:32', 20, 1),
(842, 'El Banco', '1', '2022-01-11 21:50:32', 20, 1),
(843, 'El Dificil', '1', '2022-01-11 21:50:32', 20, 1),
(844, 'El Piñón', '1', '2022-01-11 21:50:32', 20, 1),
(845, 'El Retén', '1', '2022-01-11 21:50:32', 20, 1),
(846, 'Fundación', '1', '2022-01-11 21:50:32', 20, 1),
(847, 'Gaira', '1', '2022-01-11 21:50:32', 20, 1),
(848, 'Guacamayal', '1', '2022-01-11 21:50:32', 20, 1),
(849, 'Guachaca', '1', '2022-01-11 21:50:32', 20, 1),
(850, 'Guamal', '1', '2022-01-11 21:50:32', 20, 1),
(851, 'La Gran Via', '1', '2022-01-11 21:50:32', 20, 1),
(852, 'Nueva Granada', '1', '2022-01-11 21:50:32', 20, 1),
(853, 'Otra ciudad', '1', '2022-01-11 21:50:32', 20, 1),
(854, 'Palermo', '1', '2022-01-11 21:50:32', 20, 1),
(855, 'Pedraza', '1', '2022-01-11 21:50:32', 20, 1),
(856, 'Pijiño Del Carmen', '1', '2022-01-11 21:50:32', 20, 1),
(857, 'Pivijay', '1', '2022-01-11 21:50:32', 20, 1),
(858, 'Plato', '1', '2022-01-11 21:50:32', 20, 1),
(859, 'Puebloviejo', '1', '2022-01-11 21:50:32', 20, 1),
(860, 'Remolino', '1', '2022-01-11 21:50:32', 20, 1),
(861, 'Sabanas De San Angel', '1', '2022-01-11 21:50:32', 20, 1),
(862, 'Salamina', '1', '2022-01-11 21:50:32', 20, 1),
(863, 'San Angel', '1', '2022-01-11 21:50:32', 20, 1),
(864, 'San Sebastián De Buenavista', '1', '2022-01-11 21:50:32', 20, 1),
(865, 'San Zenón', '1', '2022-01-11 21:50:32', 20, 1),
(866, 'Santa Ana', '1', '2022-01-11 21:50:32', 20, 1),
(867, 'Santa Bárbara De Pinto', '1', '2022-01-11 21:50:32', 20, 1),
(868, 'Santa Marta (Distrito Turistico Cultural E Hi', '1', '2022-01-11 21:50:32', 20, 1),
(869, 'Santa Rosalia', '1', '2022-01-11 21:50:32', 20, 1),
(870, 'Sitionuevo', '1', '2022-01-11 21:50:32', 20, 1),
(871, 'Taganga', '1', '2022-01-11 21:50:32', 20, 1),
(872, 'Tenerife', '1', '2022-01-11 21:50:32', 20, 1),
(873, 'Zapayán', '1', '2022-01-11 21:50:32', 20, 1),
(874, 'Zona Bananera', '1', '2022-01-11 21:50:32', 20, 1),
(875, 'Acacias', '1', '2022-01-11 21:50:32', 21, 1),
(876, 'Alto Pompeya', '1', '2022-01-11 21:50:32', 21, 1),
(877, 'Apiay', '1', '2022-01-11 21:50:32', 21, 1),
(878, 'Barranca De Upia', '1', '2022-01-11 21:50:32', 21, 1),
(879, 'Cabuyaro', '1', '2022-01-11 21:50:32', 21, 1),
(880, 'Castilla La Nueva', '1', '2022-01-11 21:50:32', 21, 1),
(881, 'Cubarral', '1', '2022-01-11 21:50:32', 21, 1),
(882, 'Cumaral', '1', '2022-01-11 21:50:32', 21, 1),
(883, 'El Calvario', '1', '2022-01-11 21:50:32', 21, 1),
(884, 'El Castillo', '1', '2022-01-11 21:50:32', 21, 1),
(885, 'El Dorado', '1', '2022-01-11 21:50:32', 21, 1),
(886, 'Fuente de Oro', '1', '2022-01-11 21:50:32', 21, 1),
(887, 'Granada', '1', '2022-01-11 21:50:32', 21, 1),
(888, 'Guamal', '1', '2022-01-11 21:50:32', 21, 1),
(889, 'La Macarena', '1', '2022-01-11 21:50:32', 21, 1),
(890, 'La Palmera', '1', '2022-01-11 21:50:32', 21, 1),
(891, 'Lejanías', '1', '2022-01-11 21:50:32', 21, 1),
(892, 'Mapiripán', '1', '2022-01-11 21:50:32', 21, 1),
(893, 'Medellin de Ariari', '1', '2022-01-11 21:50:32', 21, 1),
(894, 'Mesetas', '1', '2022-01-11 21:50:32', 21, 1),
(895, 'Otra ciudad', '1', '2022-01-11 21:50:32', 21, 1),
(896, 'Pachaquiaro', '1', '2022-01-11 21:50:32', 21, 1),
(897, 'Puerto Concordia', '1', '2022-01-11 21:50:32', 21, 1),
(898, 'Puerto Gaitán', '1', '2022-01-11 21:50:32', 21, 1),
(899, 'Puerto Lleras', '1', '2022-01-11 21:50:32', 21, 1),
(900, 'Puerto López', '1', '2022-01-11 21:50:32', 21, 1),
(901, 'Puerto Rico', '1', '2022-01-11 21:50:32', 21, 1),
(902, 'Restrepo', '1', '2022-01-11 21:50:32', 21, 1),
(903, 'Rubiales', '1', '2022-01-11 21:50:32', 21, 1),
(904, 'San Carlos De Guaroa', '1', '2022-01-11 21:50:32', 21, 1),
(905, 'San Juan De Arama', '1', '2022-01-11 21:50:32', 21, 1),
(906, 'San Juan del Losada', '1', '2022-01-11 21:50:32', 21, 1),
(907, 'San Juanito', '1', '2022-01-11 21:50:32', 21, 1),
(908, 'San Lorenzo', '1', '2022-01-11 21:50:32', 21, 1),
(909, 'San Martín', '1', '2022-01-11 21:50:32', 21, 1),
(910, 'Uribe', '1', '2022-01-11 21:50:32', 21, 1),
(911, 'Villavicencio', '1', '2022-01-11 21:50:32', 21, 1),
(912, 'Vistahermosa', '1', '2022-01-11 21:50:32', 21, 1),
(913, 'Albán (San Jose)', '1', '2022-01-11 21:50:32', 22, 1),
(914, 'Aldana', '1', '2022-01-11 21:50:32', 22, 1),
(915, 'Ancuya', '1', '2022-01-11 21:50:32', 22, 1),
(916, 'Arboleda (Berruecos)', '1', '2022-01-11 21:50:32', 22, 1),
(917, 'Barbacoas', '1', '2022-01-11 21:50:32', 22, 1),
(918, 'Belén', '1', '2022-01-11 21:50:32', 22, 1),
(919, 'Bocas De Satinga', '1', '2022-01-11 21:50:32', 22, 1),
(920, 'Buesaco', '1', '2022-01-11 21:50:32', 22, 1),
(921, 'Catambuco', '1', '2022-01-11 21:50:32', 22, 1),
(922, 'Chachaguí', '1', '2022-01-11 21:50:32', 22, 1),
(923, 'Colon (Genova)', '1', '2022-01-11 21:50:32', 22, 1),
(924, 'Consacá', '1', '2022-01-11 21:50:32', 22, 1),
(925, 'Contadero', '1', '2022-01-11 21:50:32', 22, 1),
(926, 'Cuaspud (Carlosama)', '1', '2022-01-11 21:50:32', 22, 1),
(927, 'Cumbal', '1', '2022-01-11 21:50:32', 22, 1),
(928, 'Cumbitara', '1', '2022-01-11 21:50:32', 22, 1),
(929, 'Córdoba', '1', '2022-01-11 21:50:32', 22, 1),
(930, 'El Charco', '1', '2022-01-11 21:50:32', 22, 1),
(931, 'El Encano', '1', '2022-01-11 21:50:32', 22, 1),
(932, 'El Peñol', '1', '2022-01-11 21:50:32', 22, 1),
(933, 'El Rosario', '1', '2022-01-11 21:50:32', 22, 1),
(934, 'El Tablón', '1', '2022-01-11 21:50:32', 22, 1),
(935, 'El Tambo', '1', '2022-01-11 21:50:32', 22, 1),
(936, 'Francisco Pizarro (Salahonda)', '1', '2022-01-11 21:50:32', 22, 1),
(937, 'Funes', '1', '2022-01-11 21:50:32', 22, 1),
(938, 'Genova', '1', '2022-01-11 21:50:32', 22, 1),
(939, 'Guachucal', '1', '2022-01-11 21:50:32', 22, 1),
(940, 'Guaitarilla', '1', '2022-01-11 21:50:32', 22, 1),
(941, 'Gualmatán', '1', '2022-01-11 21:50:32', 22, 1),
(942, 'Iles', '1', '2022-01-11 21:50:32', 22, 1),
(943, 'Imués', '1', '2022-01-11 21:50:32', 22, 1);
INSERT INTO `ciudad` (`CIUD_ID`, `CIUD_DESCRIPCION`, `CIUD_REGISTRADOPOR`, `CIUD_FECHAREGISTRO`, `DEPARTAMENTO_DEPA_ID`, `ESTADO_ESTA_ID`) VALUES
(944, 'Ipiales', '1', '2022-01-11 21:50:32', 22, 1),
(945, 'Iscuande', '1', '2022-01-11 21:50:32', 22, 1),
(946, 'La Cruz', '1', '2022-01-11 21:50:32', 22, 1),
(947, 'La Florida', '1', '2022-01-11 21:50:32', 22, 1),
(948, 'La Llanada', '1', '2022-01-11 21:50:32', 22, 1),
(949, 'La Tola', '1', '2022-01-11 21:50:32', 22, 1),
(950, 'La Unión', '1', '2022-01-11 21:50:32', 22, 1),
(951, 'Leiva', '1', '2022-01-11 21:50:32', 22, 1),
(952, 'Linares', '1', '2022-01-11 21:50:32', 22, 1),
(953, 'Llorente', '1', '2022-01-11 21:50:32', 22, 1),
(954, 'Los Andes (Sotomayor)', '1', '2022-01-11 21:50:32', 22, 1),
(955, 'Magüí (Payan)', '1', '2022-01-11 21:50:32', 22, 1),
(956, 'Mallama (Piedrancha)', '1', '2022-01-11 21:50:32', 22, 1),
(957, 'Mosquera', '1', '2022-01-11 21:50:32', 22, 1),
(958, 'Nariño', '1', '2022-01-11 21:50:32', 22, 1),
(959, 'Olaya Herrera (Bocas De Satinga)', '1', '2022-01-11 21:50:32', 22, 1),
(960, 'Ospina', '1', '2022-01-11 21:50:32', 22, 1),
(961, 'Otra ciudad', '1', '2022-01-11 21:50:32', 22, 1),
(962, 'Pasto', '1', '2022-01-11 21:50:32', 22, 1),
(963, 'Policarpa', '1', '2022-01-11 21:50:32', 22, 1),
(964, 'Potosí', '1', '2022-01-11 21:50:32', 22, 1),
(965, 'Providencia', '1', '2022-01-11 21:50:32', 22, 1),
(966, 'Puerres', '1', '2022-01-11 21:50:32', 22, 1),
(967, 'Pupiales', '1', '2022-01-11 21:50:32', 22, 1),
(968, 'Ricaurte', '1', '2022-01-11 21:50:32', 22, 1),
(969, 'Roberto Payán (San Jose)', '1', '2022-01-11 21:50:32', 22, 1),
(970, 'Samaniego', '1', '2022-01-11 21:50:32', 22, 1),
(971, 'San Bernardo', '1', '2022-01-11 21:50:32', 22, 1),
(972, 'San Lorenzo', '1', '2022-01-11 21:50:32', 22, 1),
(973, 'San Pablo', '1', '2022-01-11 21:50:32', 22, 1),
(974, 'San Pedro De Cartago (Cartago)', '1', '2022-01-11 21:50:32', 22, 1),
(975, 'Sandoná', '1', '2022-01-11 21:50:32', 22, 1),
(976, 'Santa Bárbara (Iscuande)', '1', '2022-01-11 21:50:32', 22, 1),
(977, 'Santa Cruz (Guachaves)', '1', '2022-01-11 21:50:32', 22, 1),
(978, 'Sapuyes', '1', '2022-01-11 21:50:32', 22, 1),
(979, 'Sotomayor', '1', '2022-01-11 21:50:32', 22, 1),
(980, 'Taminango', '1', '2022-01-11 21:50:32', 22, 1),
(981, 'Tangua', '1', '2022-01-11 21:50:32', 22, 1),
(982, 'Tumaco', '1', '2022-01-11 21:50:32', 22, 1),
(983, 'Túquerres', '1', '2022-01-11 21:50:32', 22, 1),
(984, 'Yacuanquer', '1', '2022-01-11 21:50:32', 22, 1),
(985, 'Abrego', '1', '2022-01-11 21:50:32', 23, 1),
(986, 'Aguas Claras', '1', '2022-01-11 21:50:32', 23, 1),
(987, 'Arboledas', '1', '2022-01-11 21:50:32', 23, 1),
(988, 'Bochalema', '1', '2022-01-11 21:50:32', 23, 1),
(989, 'Bucarasica', '1', '2022-01-11 21:50:32', 23, 1),
(990, 'Campo Dos', '1', '2022-01-11 21:50:32', 23, 1),
(991, 'Carcasi', '1', '2022-01-11 21:50:32', 23, 1),
(992, 'Chinácota', '1', '2022-01-11 21:50:32', 23, 1),
(993, 'Chitagá', '1', '2022-01-11 21:50:32', 23, 1),
(994, 'Convención', '1', '2022-01-11 21:50:32', 23, 1),
(995, 'Cucutilla', '1', '2022-01-11 21:50:32', 23, 1),
(996, 'Cáchira', '1', '2022-01-11 21:50:32', 23, 1),
(997, 'Cácota', '1', '2022-01-11 21:50:32', 23, 1),
(998, 'Cúcuta', '1', '2022-01-11 21:50:32', 23, 1),
(999, 'Durania', '1', '2022-01-11 21:50:32', 23, 1),
(1000, 'El Carmen', '1', '2022-01-11 21:50:32', 23, 1),
(1001, 'El Tarra', '1', '2022-01-11 21:50:32', 23, 1),
(1002, 'El Zulia', '1', '2022-01-11 21:50:32', 23, 1),
(1003, 'Gramalote', '1', '2022-01-11 21:50:32', 23, 1),
(1004, 'Hacarí', '1', '2022-01-11 21:50:32', 23, 1),
(1005, 'Herrán', '1', '2022-01-11 21:50:32', 23, 1),
(1006, 'La Donjuana', '1', '2022-01-11 21:50:32', 23, 1),
(1007, 'La Esperanza', '1', '2022-01-11 21:50:32', 23, 1),
(1008, 'La Floresta', '1', '2022-01-11 21:50:32', 23, 1),
(1009, 'La Jarra', '1', '2022-01-11 21:50:32', 23, 1),
(1010, 'La Playa', '1', '2022-01-11 21:50:32', 23, 1),
(1011, 'La Vega', '1', '2022-01-11 21:50:32', 23, 1),
(1012, 'Labateca', '1', '2022-01-11 21:50:32', 23, 1),
(1013, 'Los Patios', '1', '2022-01-11 21:50:32', 23, 1),
(1014, 'Lourdes', '1', '2022-01-11 21:50:32', 23, 1),
(1015, 'Mutiscua', '1', '2022-01-11 21:50:32', 23, 1),
(1016, 'Ocaña', '1', '2022-01-11 21:50:32', 23, 1),
(1017, 'Otra ciudad', '1', '2022-01-11 21:50:32', 23, 1),
(1018, 'Pamplona', '1', '2022-01-11 21:50:32', 23, 1),
(1019, 'Pamplonita', '1', '2022-01-11 21:50:32', 23, 1),
(1020, 'Puerto Santander', '1', '2022-01-11 21:50:32', 23, 1),
(1021, 'Ragonvalia', '1', '2022-01-11 21:50:32', 23, 1),
(1022, 'Salazar', '1', '2022-01-11 21:50:32', 23, 1),
(1023, 'San Bernardo de Bata', '1', '2022-01-11 21:50:32', 23, 1),
(1024, 'San Calixto', '1', '2022-01-11 21:50:32', 23, 1),
(1025, 'San Cayetano', '1', '2022-01-11 21:50:32', 23, 1),
(1026, 'Santiago', '1', '2022-01-11 21:50:32', 23, 1),
(1027, 'Sardinata', '1', '2022-01-11 21:50:32', 23, 1),
(1028, 'Silos', '1', '2022-01-11 21:50:32', 23, 1),
(1029, 'Teorama', '1', '2022-01-11 21:50:32', 23, 1),
(1030, 'Tibú', '1', '2022-01-11 21:50:32', 23, 1),
(1031, 'Toledo', '1', '2022-01-11 21:50:32', 23, 1),
(1032, 'Villa Caro', '1', '2022-01-11 21:50:32', 23, 1),
(1033, 'Villa Del Rosario', '1', '2022-01-11 21:50:32', 23, 1),
(1034, 'Colón', '1', '2022-01-11 21:50:32', 24, 1),
(1035, 'La Dorada', '1', '2022-01-11 21:50:32', 24, 1),
(1036, 'La Hormiga', '1', '2022-01-11 21:50:32', 24, 1),
(1037, 'Leguizamo', '1', '2022-01-11 21:50:32', 24, 1),
(1038, 'Mocoa', '1', '2022-01-11 21:50:32', 24, 1),
(1039, 'Orito', '1', '2022-01-11 21:50:32', 24, 1),
(1040, 'Otra ciudad', '1', '2022-01-11 21:50:32', 24, 1),
(1041, 'Puerto Asís', '1', '2022-01-11 21:50:32', 24, 1),
(1042, 'Puerto Caicedo', '1', '2022-01-11 21:50:32', 24, 1),
(1043, 'Puerto Guzmán', '1', '2022-01-11 21:50:32', 24, 1),
(1044, 'Puerto Leguízamo', '1', '2022-01-11 21:50:32', 24, 1),
(1045, 'San Francisco', '1', '2022-01-11 21:50:32', 24, 1),
(1046, 'San Miguel (La Dorada)', '1', '2022-01-11 21:50:32', 24, 1),
(1047, 'Santana', '1', '2022-01-11 21:50:32', 24, 1),
(1048, 'Santiago', '1', '2022-01-11 21:50:32', 24, 1),
(1049, 'Sibundoy', '1', '2022-01-11 21:50:32', 24, 1),
(1050, 'Valle Del Guamuéz (La Hormiga)', '1', '2022-01-11 21:50:32', 24, 1),
(1051, 'Villagarzón', '1', '2022-01-11 21:50:32', 24, 1),
(1052, 'Armenia', '1', '2022-01-11 21:50:32', 25, 1),
(1053, 'Barcelona', '1', '2022-01-11 21:50:32', 25, 1),
(1054, 'Buenavista', '1', '2022-01-11 21:50:32', 25, 1),
(1055, 'Calarcá', '1', '2022-01-11 21:50:32', 25, 1),
(1056, 'Circasia', '1', '2022-01-11 21:50:32', 25, 1),
(1057, 'Córdoba', '1', '2022-01-11 21:50:32', 25, 1),
(1058, 'El Caimo', '1', '2022-01-11 21:50:32', 25, 1),
(1059, 'Filandia', '1', '2022-01-11 21:50:32', 25, 1),
(1060, 'Génova', '1', '2022-01-11 21:50:32', 25, 1),
(1061, 'La Tebaida', '1', '2022-01-11 21:50:32', 25, 1),
(1062, 'Montenegro', '1', '2022-01-11 21:50:32', 25, 1),
(1063, 'Otra ciudad', '1', '2022-01-11 21:50:32', 25, 1),
(1064, 'Pijao', '1', '2022-01-11 21:50:32', 25, 1),
(1065, 'Pueblo Tapado', '1', '2022-01-11 21:50:32', 25, 1),
(1066, 'Quimbaya', '1', '2022-01-11 21:50:32', 25, 1),
(1067, 'Salento', '1', '2022-01-11 21:50:32', 25, 1),
(1068, 'Apía', '1', '2022-01-11 21:50:32', 26, 1),
(1069, 'Balboa', '1', '2022-01-11 21:50:32', 26, 1),
(1070, 'Belén De Umbría', '1', '2022-01-11 21:50:32', 26, 1),
(1071, 'Caimalito', '1', '2022-01-11 21:50:32', 26, 1),
(1072, 'Dosquebradas', '1', '2022-01-11 21:50:32', 26, 1),
(1073, 'El Crucero de Combia', '1', '2022-01-11 21:50:32', 26, 1),
(1074, 'Guática', '1', '2022-01-11 21:50:32', 26, 1),
(1075, 'Irra', '1', '2022-01-11 21:50:32', 26, 1),
(1076, 'La Celia', '1', '2022-01-11 21:50:32', 26, 1),
(1077, 'La Virginia', '1', '2022-01-11 21:50:32', 26, 1),
(1078, 'Marsella', '1', '2022-01-11 21:50:32', 26, 1),
(1079, 'Mistrató', '1', '2022-01-11 21:50:32', 26, 1),
(1080, 'Otra ciudad', '1', '2022-01-11 21:50:32', 26, 1),
(1081, 'Pereira', '1', '2022-01-11 21:50:32', 26, 1),
(1082, 'Pueblo Rico', '1', '2022-01-11 21:50:32', 26, 1),
(1083, 'Quinchía', '1', '2022-01-11 21:50:32', 26, 1),
(1084, 'Santa Rosa De Cabal', '1', '2022-01-11 21:50:32', 26, 1),
(1085, 'Santuario', '1', '2022-01-11 21:50:32', 26, 1),
(1086, 'Otra ciudad', '1', '2022-01-11 21:50:32', 27, 1),
(1087, 'Providencia Y Santa Catalina (Santa Isabel)', '1', '2022-01-11 21:50:32', 27, 1),
(1088, 'San Andrés', '1', '2022-01-11 21:50:32', 27, 1),
(1089, 'Acapulco', '1', '2022-01-11 21:50:32', 28, 1),
(1090, 'Aguada', '1', '2022-01-11 21:50:32', 28, 1),
(1091, 'Albania', '1', '2022-01-11 21:50:32', 28, 1),
(1092, 'Aratoca', '1', '2022-01-11 21:50:32', 28, 1),
(1093, 'Barbosa', '1', '2022-01-11 21:50:32', 28, 1),
(1094, 'Barichara', '1', '2022-01-11 21:50:32', 28, 1),
(1095, 'Barrancabermeja', '1', '2022-01-11 21:50:32', 28, 1),
(1096, 'Betulia', '1', '2022-01-11 21:50:32', 28, 1),
(1097, 'Bolivar', '1', '2022-01-11 21:50:32', 28, 1),
(1098, 'Bucaramanga', '1', '2022-01-11 21:50:32', 28, 1),
(1099, 'Cabrera', '1', '2022-01-11 21:50:32', 28, 1),
(1100, 'California', '1', '2022-01-11 21:50:32', 28, 1),
(1101, 'Capitanejo', '1', '2022-01-11 21:50:32', 28, 1),
(1102, 'Carcasí', '1', '2022-01-11 21:50:32', 28, 1),
(1103, 'Cepitá', '1', '2022-01-11 21:50:32', 28, 1),
(1104, 'Cerrito', '1', '2022-01-11 21:50:32', 28, 1),
(1105, 'Charalá', '1', '2022-01-11 21:50:32', 28, 1),
(1106, 'Charta', '1', '2022-01-11 21:50:32', 28, 1),
(1107, 'Chima', '1', '2022-01-11 21:51:06', 28, 1),
(1108, 'Chipatá', '1', '2022-01-11 21:51:06', 28, 1),
(1109, 'Cimitarra', '1', '2022-01-11 21:51:06', 28, 1),
(1110, 'Cite', '1', '2022-01-11 21:51:06', 28, 1),
(1111, 'Concepción', '1', '2022-01-11 21:51:06', 28, 1),
(1112, 'Confines', '1', '2022-01-11 21:51:06', 28, 1),
(1113, 'Contratación', '1', '2022-01-11 21:51:06', 28, 1),
(1114, 'Coromoro', '1', '2022-01-11 21:51:06', 28, 1),
(1115, 'Curití', '1', '2022-01-11 21:51:06', 28, 1),
(1116, 'El Carmen', '1', '2022-01-11 21:51:06', 28, 1),
(1117, 'El Carmen de Chucuri', '1', '2022-01-11 21:51:06', 28, 1),
(1118, 'El Centro', '1', '2022-01-11 21:51:06', 28, 1),
(1119, 'El Guacamayo', '1', '2022-01-11 21:51:06', 28, 1),
(1120, 'El Llanito', '1', '2022-01-11 21:51:06', 28, 1),
(1121, 'El Peñón', '1', '2022-01-11 21:51:06', 28, 1),
(1122, 'El Playón', '1', '2022-01-11 21:51:06', 28, 1),
(1123, 'Encino', '1', '2022-01-11 21:51:06', 28, 1),
(1124, 'Enciso', '1', '2022-01-11 21:51:06', 28, 1),
(1125, 'Floridablanca', '1', '2022-01-11 21:51:06', 28, 1),
(1126, 'Florián', '1', '2022-01-11 21:51:06', 28, 1),
(1127, 'Galán', '1', '2022-01-11 21:51:06', 28, 1),
(1128, 'Girón', '1', '2022-01-11 21:51:06', 28, 1),
(1129, 'Guaca', '1', '2022-01-11 21:51:06', 28, 1),
(1130, 'Guadalupe', '1', '2022-01-11 21:51:06', 28, 1),
(1131, 'Guapotá', '1', '2022-01-11 21:51:06', 28, 1),
(1132, 'Guavatá', '1', '2022-01-11 21:51:06', 28, 1),
(1133, 'Gámbita', '1', '2022-01-11 21:51:06', 28, 1),
(1134, 'Güepsa', '1', '2022-01-11 21:51:06', 28, 1),
(1135, 'Hato', '1', '2022-01-11 21:51:06', 28, 1),
(1136, 'Jesús María', '1', '2022-01-11 21:51:06', 28, 1),
(1137, 'Jordán', '1', '2022-01-11 21:51:06', 28, 1),
(1138, 'La Belleza', '1', '2022-01-11 21:51:06', 28, 1),
(1139, 'La Fortuna', '1', '2022-01-11 21:51:06', 28, 1),
(1140, 'La Paz', '1', '2022-01-11 21:51:06', 28, 1),
(1141, 'Landázuri', '1', '2022-01-11 21:51:06', 28, 1),
(1142, 'Lebrija', '1', '2022-01-11 21:51:06', 28, 1),
(1143, 'Los Laureles', '1', '2022-01-11 21:51:06', 28, 1),
(1144, 'Los Santos', '1', '2022-01-11 21:51:06', 28, 1),
(1145, 'Macaravita', '1', '2022-01-11 21:51:06', 28, 1),
(1146, 'Matanza', '1', '2022-01-11 21:51:06', 28, 1),
(1147, 'Mogotes', '1', '2022-01-11 21:51:06', 28, 1),
(1148, 'Molagavita', '1', '2022-01-11 21:51:06', 28, 1),
(1149, 'Málaga', '1', '2022-01-11 21:51:06', 28, 1),
(1150, 'Ocamonte', '1', '2022-01-11 21:51:06', 28, 1),
(1151, 'Oiba', '1', '2022-01-11 21:51:06', 28, 1),
(1152, 'Olival', '1', '2022-01-11 21:51:06', 28, 1),
(1153, 'Onzaga', '1', '2022-01-11 21:51:06', 28, 1),
(1154, 'Otra ciudad', '1', '2022-01-11 21:51:06', 28, 1),
(1155, 'Palmar', '1', '2022-01-11 21:51:06', 28, 1),
(1156, 'Palmas Del Socorro', '1', '2022-01-11 21:51:06', 28, 1),
(1157, 'Palo Gordo', '1', '2022-01-11 21:51:06', 28, 1),
(1158, 'Piedecuesta', '1', '2022-01-11 21:51:06', 28, 1),
(1159, 'Pinchote', '1', '2022-01-11 21:51:06', 28, 1),
(1160, 'Puente Nacional', '1', '2022-01-11 21:51:06', 28, 1),
(1161, 'Puente Sogamoso', '1', '2022-01-11 21:51:06', 28, 1),
(1162, 'Puerto Araujo', '1', '2022-01-11 21:51:06', 28, 1),
(1163, 'Puerto Parra', '1', '2022-01-11 21:51:06', 28, 1),
(1164, 'Puerto Wilches', '1', '2022-01-11 21:51:06', 28, 1),
(1165, 'Páramo', '1', '2022-01-11 21:51:06', 28, 1),
(1166, 'Rionegro', '1', '2022-01-11 21:51:06', 28, 1),
(1167, 'Sabana De Torres', '1', '2022-01-11 21:51:06', 28, 1),
(1168, 'San Andrés', '1', '2022-01-11 21:51:06', 28, 1),
(1169, 'San Benito', '1', '2022-01-11 21:51:06', 28, 1),
(1170, 'San Gil', '1', '2022-01-11 21:51:06', 28, 1),
(1171, 'San Joaquín', '1', '2022-01-11 21:51:06', 28, 1),
(1172, 'San José De Miranda', '1', '2022-01-11 21:51:06', 28, 1),
(1173, 'San Miguel', '1', '2022-01-11 21:51:06', 28, 1),
(1174, 'San Rafael', '1', '2022-01-11 21:51:06', 28, 1),
(1175, 'San Vicente De Chucurí', '1', '2022-01-11 21:51:06', 28, 1),
(1176, 'Santa Bárbara', '1', '2022-01-11 21:51:06', 28, 1),
(1177, 'Santa Helena Del Opón', '1', '2022-01-11 21:51:06', 28, 1),
(1178, 'Simacota', '1', '2022-01-11 21:51:06', 28, 1),
(1179, 'Socorro', '1', '2022-01-11 21:51:06', 28, 1),
(1180, 'Sogamoso', '1', '2022-01-11 21:51:06', 28, 1),
(1181, 'Suaita', '1', '2022-01-11 21:51:06', 28, 1),
(1182, 'Sucre', '1', '2022-01-11 21:51:06', 28, 1),
(1183, 'Suratá', '1', '2022-01-11 21:51:06', 28, 1),
(1184, 'Tienda Nueva', '1', '2022-01-11 21:51:06', 28, 1),
(1185, 'Tona', '1', '2022-01-11 21:51:06', 28, 1),
(1186, 'Vado Real', '1', '2022-01-11 21:51:06', 28, 1),
(1187, 'Valle De San José', '1', '2022-01-11 21:51:06', 28, 1),
(1188, 'Valle del Cauca de San Jose', '1', '2022-01-11 21:51:06', 28, 1),
(1189, 'Vetas', '1', '2022-01-11 21:51:06', 28, 1),
(1190, 'Villanueva', '1', '2022-01-11 21:51:06', 28, 1),
(1191, 'Vélez', '1', '2022-01-11 21:51:06', 28, 1),
(1192, 'Yarima', '1', '2022-01-11 21:51:06', 28, 1),
(1193, 'Zapatoca', '1', '2022-01-11 21:51:06', 28, 1),
(1194, 'Altos de Santa Fe', '1', '2022-01-11 21:51:06', 29, 1),
(1195, 'Altos de Sucre', '1', '2022-01-11 21:51:06', 29, 1),
(1196, 'Arapo', '1', '2022-01-11 21:51:06', 29, 1),
(1197, 'Araya', '1', '2022-01-11 21:51:06', 29, 1),
(1198, 'Buenavista', '1', '2022-01-11 21:51:06', 29, 1),
(1199, 'Caigüire', '1', '2022-01-11 21:51:06', 29, 1),
(1200, 'Caimito', '1', '2022-01-11 21:51:06', 29, 1),
(1201, 'Cariaco', '1', '2022-01-11 21:51:06', 29, 1),
(1202, 'Carúpano', '1', '2022-01-11 21:51:06', 29, 1),
(1203, 'Chalán', '1', '2022-01-11 21:51:06', 29, 1),
(1204, 'Colosó', '1', '2022-01-11 21:51:06', 29, 1),
(1205, 'Corozal', '1', '2022-01-11 21:51:06', 29, 1),
(1206, 'Coveñas', '1', '2022-01-11 21:51:06', 29, 1),
(1207, 'Cumanacoa', '1', '2022-01-11 21:51:06', 29, 1),
(1208, 'Cumaná', '1', '2022-01-11 21:51:06', 29, 1),
(1209, 'El Roble', '1', '2022-01-11 21:51:06', 29, 1),
(1210, 'Galeras', '1', '2022-01-11 21:51:06', 29, 1),
(1211, 'Golfo de Cariaco', '1', '2022-01-11 21:51:06', 29, 1),
(1212, 'Guaranda', '1', '2022-01-11 21:51:06', 29, 1),
(1213, 'Guayabal', '1', '2022-01-11 21:51:06', 29, 1),
(1214, 'Güiria', '1', '2022-01-11 21:51:06', 29, 1),
(1215, 'Irapa', '1', '2022-01-11 21:51:06', 29, 1),
(1216, 'La Unión', '1', '2022-01-11 21:51:06', 29, 1),
(1217, 'Los Bordones', '1', '2022-01-11 21:51:06', 29, 1),
(1218, 'Los Palmítos', '1', '2022-01-11 21:51:06', 29, 1),
(1219, 'Macarapana', '1', '2022-01-11 21:51:06', 29, 1),
(1220, 'Majagual', '1', '2022-01-11 21:51:06', 29, 1),
(1221, 'Mariguitar', '1', '2022-01-11 21:51:06', 29, 1),
(1222, 'Mochima', '1', '2022-01-11 21:51:06', 29, 1),
(1223, 'Morróa', '1', '2022-01-11 21:51:06', 29, 1),
(1224, 'Nueva Cumaná', '1', '2022-01-11 21:51:06', 29, 1),
(1225, 'Otra ciudad', '1', '2022-01-11 21:51:06', 29, 1),
(1226, 'Ovejas', '1', '2022-01-11 21:51:06', 29, 1),
(1227, 'Parc. Miranda', '1', '2022-01-11 21:51:06', 29, 1),
(1228, 'Playa Colorada', '1', '2022-01-11 21:51:06', 29, 1),
(1229, 'Río Caribe', '1', '2022-01-11 21:51:06', 29, 1),
(1230, 'Río Caribe-Playa Medina', '1', '2022-01-11 21:51:06', 29, 1),
(1231, 'S. Juan de Unare', '1', '2022-01-11 21:51:06', 29, 1),
(1232, 'Sampués', '1', '2022-01-11 21:51:06', 29, 1),
(1233, 'San Antonio de Palmito', '1', '2022-01-11 21:51:06', 29, 1),
(1234, 'San Benito Abad', '1', '2022-01-11 21:51:06', 29, 1),
(1235, 'San Juan De Betulia', '1', '2022-01-11 21:51:06', 29, 1),
(1236, 'San Luis de Sincé', '1', '2022-01-11 21:51:06', 29, 1),
(1237, 'San Marcos', '1', '2022-01-11 21:51:06', 29, 1),
(1238, 'San Onofre', '1', '2022-01-11 21:51:06', 29, 1),
(1239, 'San Pedro', '1', '2022-01-11 21:51:06', 29, 1),
(1240, 'Santiago de Tolú', '1', '2022-01-11 21:51:06', 29, 1),
(1241, 'Sincelejo', '1', '2022-01-11 21:51:06', 29, 1),
(1242, 'Sucre', '1', '2022-01-11 21:51:06', 29, 1),
(1243, 'Tolú Viejo', '1', '2022-01-11 21:51:06', 29, 1),
(1244, 'Unare', '1', '2022-01-11 21:51:06', 29, 1),
(1245, 'Vía Cariaco-Casanay', '1', '2022-01-11 21:51:06', 29, 1),
(1246, 'Ajamarca', '1', '2022-01-11 21:51:06', 30, 1),
(1247, 'Alpujarra', '1', '2022-01-11 21:51:06', 30, 1),
(1248, 'Alvarado', '1', '2022-01-11 21:51:06', 30, 1),
(1249, 'Ambalema', '1', '2022-01-11 21:51:06', 30, 1),
(1250, 'Anzoátegui', '1', '2022-01-11 21:51:06', 30, 1),
(1251, 'Armero (Guayabal)', '1', '2022-01-11 21:51:06', 30, 1),
(1252, 'Ataco', '1', '2022-01-11 21:51:06', 30, 1),
(1253, 'Buenos Aires', '1', '2022-01-11 21:51:06', 30, 1),
(1254, 'Cajamarca', '1', '2022-01-11 21:51:06', 30, 1),
(1255, 'Carmen De Apicalá', '1', '2022-01-11 21:51:06', 30, 1),
(1256, 'Casabianca', '1', '2022-01-11 21:51:06', 30, 1),
(1257, 'Chaparral', '1', '2022-01-11 21:51:06', 30, 1),
(1258, 'Chicoral', '1', '2022-01-11 21:51:06', 30, 1),
(1259, 'Coello', '1', '2022-01-11 21:51:06', 30, 1),
(1260, 'Coyaima', '1', '2022-01-11 21:51:06', 30, 1),
(1261, 'Cunday', '1', '2022-01-11 21:51:06', 30, 1),
(1262, 'Dolores', '1', '2022-01-11 21:51:06', 30, 1),
(1263, 'Espinal', '1', '2022-01-11 21:51:06', 30, 1),
(1264, 'Falan', '1', '2022-01-11 21:51:06', 30, 1),
(1265, 'Flandes', '1', '2022-01-11 21:51:06', 30, 1),
(1266, 'Fresno', '1', '2022-01-11 21:51:06', 30, 1),
(1267, 'Gaitania', '1', '2022-01-11 21:51:06', 30, 1),
(1268, 'Gualanday', '1', '2022-01-11 21:51:06', 30, 1),
(1269, 'Guamo', '1', '2022-01-11 21:51:06', 30, 1),
(1270, 'Herrera', '1', '2022-01-11 21:51:06', 30, 1),
(1271, 'Herveo', '1', '2022-01-11 21:51:06', 30, 1),
(1272, 'Honda', '1', '2022-01-11 21:51:06', 30, 1),
(1273, 'Ibagué', '1', '2022-01-11 21:51:06', 30, 1),
(1274, 'Icononzo', '1', '2022-01-11 21:51:06', 30, 1),
(1275, 'Lérida', '1', '2022-01-11 21:51:06', 30, 1),
(1276, 'Líbano', '1', '2022-01-11 21:51:06', 30, 1),
(1277, 'Mariquita', '1', '2022-01-11 21:51:06', 30, 1),
(1278, 'Melgar', '1', '2022-01-11 21:51:06', 30, 1),
(1279, 'Murillo', '1', '2022-01-11 21:51:06', 30, 1),
(1280, 'Natagaima', '1', '2022-01-11 21:51:06', 30, 1),
(1281, 'Ortega', '1', '2022-01-11 21:51:06', 30, 1),
(1282, 'Otra ciudad', '1', '2022-01-11 21:51:06', 30, 1),
(1283, 'Pajonales', '1', '2022-01-11 21:51:06', 30, 1),
(1284, 'Palocabildo', '1', '2022-01-11 21:51:06', 30, 1),
(1285, 'Piedras', '1', '2022-01-11 21:51:06', 30, 1),
(1286, 'Planadas', '1', '2022-01-11 21:51:06', 30, 1),
(1287, 'Prado', '1', '2022-01-11 21:51:06', 30, 1),
(1288, 'Purificación', '1', '2022-01-11 21:51:06', 30, 1),
(1289, 'Rioblanco', '1', '2022-01-11 21:51:06', 30, 1),
(1290, 'Roncesvalles', '1', '2022-01-11 21:51:06', 30, 1),
(1291, 'Rovira', '1', '2022-01-11 21:51:06', 30, 1),
(1292, 'Saldaña', '1', '2022-01-11 21:51:06', 30, 1),
(1293, 'San Antonio', '1', '2022-01-11 21:51:06', 30, 1),
(1294, 'San Luis', '1', '2022-01-11 21:51:06', 30, 1),
(1295, 'Santa Isabel', '1', '2022-01-11 21:51:06', 30, 1),
(1296, 'Santiago Perez', '1', '2022-01-11 21:51:06', 30, 1),
(1297, 'Suárez', '1', '2022-01-11 21:51:06', 30, 1),
(1298, 'Valle De San Juan', '1', '2022-01-11 21:51:06', 30, 1),
(1299, 'Valle del Cauca de San Juan', '1', '2022-01-11 21:51:06', 30, 1),
(1300, 'Venadillo', '1', '2022-01-11 21:51:06', 30, 1),
(1301, 'Villahermosa', '1', '2022-01-11 21:51:06', 30, 1),
(1302, 'Villarrica', '1', '2022-01-11 21:51:06', 30, 1),
(1303, 'Alcalá', '1', '2022-01-11 21:51:06', 31, 1),
(1304, 'Amaime', '1', '2022-01-11 21:51:06', 31, 1),
(1305, 'Andalucía', '1', '2022-01-11 21:51:06', 31, 1),
(1306, 'Ansermanuevo', '1', '2022-01-11 21:51:06', 31, 1),
(1307, 'Argelia', '1', '2022-01-11 21:51:06', 31, 1),
(1308, 'Bahia Málaga', '1', '2022-01-11 21:51:06', 31, 1),
(1309, 'Bolívar', '1', '2022-01-11 21:51:06', 31, 1),
(1310, 'Borrero Ayerbe', '1', '2022-01-11 21:51:06', 31, 1),
(1311, 'Buenaventura', '1', '2022-01-11 21:51:06', 31, 1),
(1312, 'Buga', '1', '2022-01-11 21:51:06', 31, 1),
(1313, 'Bugalagrande', '1', '2022-01-11 21:51:06', 31, 1),
(1314, 'Caicedonia', '1', '2022-01-11 21:51:06', 31, 1),
(1315, 'Cali', '1', '2022-01-11 21:51:06', 31, 1),
(1316, 'Calima (El Darien)', '1', '2022-01-11 21:51:06', 31, 1),
(1317, 'Candelaria', '1', '2022-01-11 21:51:06', 31, 1),
(1318, 'Cartago', '1', '2022-01-11 21:51:06', 31, 1),
(1319, 'Cascajal I', '1', '2022-01-11 21:51:06', 31, 1),
(1320, 'Dagua', '1', '2022-01-11 21:51:06', 31, 1),
(1321, 'El Cabuyal', '1', '2022-01-11 21:51:06', 31, 1),
(1322, 'El Cairo', '1', '2022-01-11 21:51:06', 31, 1),
(1323, 'El Carmelo', '1', '2022-01-11 21:51:06', 31, 1),
(1324, 'El Cerrito', '1', '2022-01-11 21:51:06', 31, 1),
(1325, 'El Dovio', '1', '2022-01-11 21:51:06', 31, 1),
(1326, 'El Placer', '1', '2022-01-11 21:51:06', 31, 1),
(1327, 'El Queremal', '1', '2022-01-11 21:51:06', 31, 1),
(1328, 'El Saladito', '1', '2022-01-11 21:51:06', 31, 1),
(1329, 'El Águila', '1', '2022-01-11 21:51:06', 31, 1),
(1330, 'Florida', '1', '2022-01-11 21:51:06', 31, 1),
(1331, 'Ginebra', '1', '2022-01-11 21:51:06', 31, 1),
(1332, 'Guabitas', '1', '2022-01-11 21:51:06', 31, 1),
(1333, 'Guacarí', '1', '2022-01-11 21:51:06', 31, 1),
(1334, 'Guadalajara de Buga', '1', '2022-01-11 21:51:06', 31, 1),
(1335, 'Jamundí', '1', '2022-01-11 21:51:06', 31, 1),
(1336, 'La Cumbre', '1', '2022-01-11 21:51:06', 31, 1),
(1337, 'La Paila', '1', '2022-01-11 21:51:06', 31, 1),
(1338, 'La Unión', '1', '2022-01-11 21:51:06', 31, 1),
(1339, 'La Victoria', '1', '2022-01-11 21:51:06', 31, 1),
(1340, 'Lobo Guerrero', '1', '2022-01-11 21:51:06', 31, 1),
(1341, 'Obando', '1', '2022-01-11 21:51:06', 31, 1),
(1342, 'Otra ciudad', '1', '2022-01-11 21:51:06', 31, 1),
(1343, 'Palmira', '1', '2022-01-11 21:51:06', 31, 1),
(1344, 'Pradera', '1', '2022-01-11 21:51:06', 31, 1),
(1345, 'Restrepo', '1', '2022-01-11 21:51:06', 31, 1),
(1346, 'Riofrio', '1', '2022-01-11 21:51:06', 31, 1),
(1347, 'Roldanillo', '1', '2022-01-11 21:51:06', 31, 1),
(1348, 'Rozo', '1', '2022-01-11 21:51:06', 31, 1),
(1349, 'San Antonio de Los Caballeros', '1', '2022-01-11 21:51:06', 31, 1),
(1350, 'San Pedro', '1', '2022-01-11 21:51:06', 31, 1),
(1351, 'Santa Elena', '1', '2022-01-11 21:51:06', 31, 1),
(1352, 'Sevilla', '1', '2022-01-11 21:51:06', 31, 1),
(1353, 'Toro', '1', '2022-01-11 21:51:06', 31, 1),
(1354, 'Trujillo', '1', '2022-01-11 21:51:06', 31, 1),
(1355, 'Tuluá', '1', '2022-01-11 21:51:06', 31, 1),
(1356, 'Ulloa', '1', '2022-01-11 21:51:06', 31, 1),
(1357, 'Uribe Uribe', '1', '2022-01-11 21:51:06', 31, 1),
(1358, 'Versalles', '1', '2022-01-11 21:51:06', 31, 1),
(1359, 'Vijes', '1', '2022-01-11 21:51:06', 31, 1),
(1360, 'Villa Gorgona', '1', '2022-01-11 21:51:06', 31, 1),
(1361, 'Yotoco', '1', '2022-01-11 21:51:06', 31, 1),
(1362, 'Yumbo', '1', '2022-01-11 21:51:06', 31, 1),
(1363, 'Zaragoza', '1', '2022-01-11 21:51:06', 31, 1),
(1364, 'Zarzal', '1', '2022-01-11 21:51:06', 31, 1),
(1365, 'Carurú', '1', '2022-01-11 21:51:06', 32, 1),
(1366, 'Mitú', '1', '2022-01-11 21:51:06', 32, 1),
(1367, 'Otra ciudad', '1', '2022-01-11 21:51:06', 32, 1),
(1368, 'Pacoa (Cor. Departamental)', '1', '2022-01-11 21:51:06', 32, 1),
(1369, 'Papunaua (Cor. Departamental)', '1', '2022-01-11 21:51:06', 32, 1),
(1370, 'Taraira', '1', '2022-01-11 21:51:06', 32, 1),
(1371, 'Yavaraté (Cor. Departamental)', '1', '2022-01-11 21:51:06', 32, 1),
(1372, 'Cumaribo', '1', '2022-01-11 21:51:06', 33, 1),
(1373, 'La Primavera', '1', '2022-01-11 21:51:06', 33, 1),
(1374, 'Otra ciudad', '1', '2022-01-11 21:51:06', 33, 1),
(1375, 'Puerto Carreño', '1', '2022-01-11 21:51:06', 33, 1),
(1376, 'Santa Rosalia', '1', '2022-01-11 21:51:06', 33, 1);

-- --------------------------------------------------------

--
-- Estructura de tabla para la tabla `clientes`
--

CREATE TABLE `clientes` (
  `CLIEN_ID` int(11) NOT NULL,
  `CLIEN_NOMBRES` varchar(45) DEFAULT NULL,
  `CLIEN_APELLIDOS` varchar(45) DEFAULT NULL,
  `CLIEN_NUMERODOCUMENTO` varchar(45) DEFAULT NULL,
  `CLIEN_DIRECCION` varchar(45) DEFAULT NULL,
  `CLIEN_CORREO` varchar(45) DEFAULT NULL,
  `CLIEN_CELULAR` varchar(45) DEFAULT NULL,
  `CLIEN_FECHANACIMIENTO` varchar(45) DEFAULT NULL,
  `CLIEN_PASSWORD` varchar(45) DEFAULT NULL,
  `CLIEN_FOTO` varchar(45) DEFAULT NULL,
  `CLIEN_FECHAREGISTRO` timestamp NULL DEFAULT current_timestamp(),
  `ESTADO_ESTA_ID` int(11) NOT NULL,
  `CIUDAD_CIUD_ID` int(11) NOT NULL,
  `TIPO_DOCUMENTO_TIDO_ID` int(11) NOT NULL
) ENGINE=InnoDB DEFAULT CHARSET=utf8mb4;

-- --------------------------------------------------------

--
-- Estructura de tabla para la tabla `cliente_externo`
--

CREATE TABLE `cliente_externo` (
  `CLEX_ID` int(11) NOT NULL,
  `CLEX_NOMBRES` varchar(45) DEFAULT NULL,
  `CLEX_APELLIDOS` varchar(45) DEFAULT NULL,
  `CLEX_CELULAR` varchar(45) DEFAULT NULL,
  `CLEX_DIRECCION` varchar(45) DEFAULT NULL,
  `CLEX_CORREO` varchar(45) DEFAULT NULL,
  `CLEX_REGISTRADOPOR` varchar(45) DEFAULT NULL,
  `CLEX_FECHAREGISTRO` timestamp NULL DEFAULT current_timestamp(),
  `ESTADO_ESTA_ID` int(11) NOT NULL,
  `CIUDAD_CIUD_ID` int(11) NOT NULL
) ENGINE=InnoDB DEFAULT CHARSET=utf8mb4;

-- --------------------------------------------------------

--
-- Estructura de tabla para la tabla `compras`
--

CREATE TABLE `compras` (
  `COMP_ID` int(11) NOT NULL,
  `COMP_PRECIO` float DEFAULT NULL,
  `COMP_CODIGOBARRAS` varchar(45) DEFAULT NULL,
  `COMP_REGISTRADOPOR` varchar(45) DEFAULT NULL,
  `COMP_DESCUENTO` float DEFAULT NULL,
  `COMP_CANTIDAD` int(11) NOT NULL,
  `COMP_FECHAVENCIMIENTO` date DEFAULT NULL,
  `UNIDAD_MEDIDA_UNME_ID` int(11) NOT NULL,
  `TIPO_IMPUESTO_TIIM_ID` int(11) NOT NULL,
  `PROVEEDOR_PROV_ID` int(11) NOT NULL,
  `ESTADO_ESTA_ID` int(11) NOT NULL,
  `PRODUCTO_PROD_ID` int(11) NOT NULL,
  `SABORES_SABO_ID` int(11) NOT NULL
) ENGINE=InnoDB DEFAULT CHARSET=utf8mb4;

-- --------------------------------------------------------

--
-- Estructura de tabla para la tabla `departamento`
--

CREATE TABLE `departamento` (
  `DEPA_ID` int(11) NOT NULL,
  `DEPA_DESCRIPCION` varchar(45) DEFAULT NULL,
  `DEPA_REGISTRADOPOR` varchar(45) DEFAULT NULL,
  `DEPA_FECHAREGISTRO` timestamp NULL DEFAULT current_timestamp(),
  `ESTADO_ESTA_ID` int(11) NOT NULL
) ENGINE=InnoDB DEFAULT CHARSET=utf8mb4;

--
-- Volcado de datos para la tabla `departamento`
--

INSERT INTO `departamento` (`DEPA_ID`, `DEPA_DESCRIPCION`, `DEPA_REGISTRADOPOR`, `DEPA_FECHAREGISTRO`, `ESTADO_ESTA_ID`) VALUES
(1, 'Amazonas', '1', '2021-12-27 03:20:28', 1),
(2, 'Antioquia', '1', '2022-01-11 11:38:40', 1),
(3, 'Arauca', '1', '2022-01-11 11:42:22', 1),
(4, 'Atlantico', '1', '2022-01-11 11:42:22', 1),
(5, 'Bogotá D.C.', '1', '2022-01-11 11:42:22', 1),
(6, 'Bolivar', '1', '2022-01-11 11:42:22', 1),
(7, 'Boyaca', '1', '2022-01-11 11:42:22', 1),
(8, 'Caldas', '1', '2022-01-11 11:42:22', 1),
(9, 'Caqueta', '1', '2022-01-11 11:42:22', 1),
(10, 'Casanare', '1', '2022-01-11 11:42:22', 1),
(11, 'Cauca', '1', '2022-01-11 11:42:22', 1),
(12, 'Cesar', '1', '2022-01-11 11:42:22', 1),
(13, 'Choco', '1', '2022-01-11 11:42:22', 1),
(14, 'Cundinamarca', '1', '2022-01-11 11:42:22', 1),
(15, 'Córdoba', '1', '2022-01-11 11:42:22', 1),
(16, 'Guainía', '1', '2022-01-11 11:42:22', 1),
(17, 'Guajira', '1', '2022-01-11 11:42:22', 1),
(18, 'Guaviare', '1', '2022-01-11 11:42:22', 1),
(19, 'Huila', '1', '2022-01-11 11:42:22', 1),
(20, 'Magdalena', '1', '2022-01-11 11:42:22', 1),
(21, 'Meta', '1', '2022-01-11 11:42:22', 1),
(22, 'Nariño', '1', '2022-01-11 11:42:22', 1),
(23, 'Norte De Santander', '1', '2022-01-11 11:42:22', 1),
(24, 'Putumayo', '1', '2022-01-11 11:42:22', 1),
(25, 'Quindio', '1', '2022-01-11 11:42:22', 1),
(26, 'Risaralda', '1', '2022-01-11 11:42:22', 1),
(27, 'San Andres y Providencia', '1', '2022-01-11 11:42:22', 1),
(28, 'Santander', '1', '2022-01-11 11:42:22', 1),
(29, 'Sucre', '1', '2022-01-11 11:42:22', 1),
(30, 'Tolima', '1', '2022-01-11 11:42:22', 1),
(31, 'Valle Del Cauca', '1', '2022-01-11 11:42:22', 1),
(32, 'Vaupes', '1', '2022-01-11 11:42:22', 1),
(33, 'Vichada', '1', '2022-01-11 11:42:22', 1);

-- --------------------------------------------------------

--
-- Estructura de tabla para la tabla `detalle_pedido`
--

CREATE TABLE `detalle_pedido` (
  `DEPE_ID` int(11) NOT NULL,
  `DEPE_DESCRIPCION` varchar(45) DEFAULT NULL,
  `DEPE_CANTIDAD` varchar(45) DEFAULT NULL,
  `DEPE_SUBTOTAL` varchar(45) DEFAULT NULL,
  `DEPE_FECHAREGISTRO` timestamp NULL DEFAULT current_timestamp(),
  `PEDIDO_PEDI_ID` int(11) NOT NULL,
  `PRODUCTO_PROD_ID` int(11) NOT NULL,
  `ESTADO_ESTA_ID` int(11) NOT NULL
) ENGINE=InnoDB DEFAULT CHARSET=utf8mb4;

-- --------------------------------------------------------

--
-- Estructura de tabla para la tabla `estado`
--

CREATE TABLE `estado` (
  `ESTA_ID` int(11) NOT NULL,
  `ESTA_TIPO` varchar(45) DEFAULT NULL,
  `ESTA_REGISTRADOPOR` varchar(45) DEFAULT NULL,
  `ESTA_FECHAREGISTRO` timestamp NULL DEFAULT current_timestamp()
) ENGINE=InnoDB DEFAULT CHARSET=utf8mb4;

--
-- Volcado de datos para la tabla `estado`
--

INSERT INTO `estado` (`ESTA_ID`, `ESTA_TIPO`, `ESTA_REGISTRADOPOR`, `ESTA_FECHAREGISTRO`) VALUES
(1, 'Activo', '1', '2021-12-25 12:15:40'),
(2, 'Inactivo', '1', '2021-12-25 12:15:52'),
(3, 'Edicion', '1', '2021-12-31 10:17:26'),
(4, 'Eliminado', '1', '2022-02-01 06:36:07');

-- --------------------------------------------------------

--
-- Estructura de tabla para la tabla `funcionalidad`
--

CREATE TABLE `funcionalidad` (
  `FUNC_ID` int(11) NOT NULL,
  `FUNC_CODIGO` varchar(45) DEFAULT NULL,
  `FUNC_TITULO` varchar(45) DEFAULT NULL,
  `FUNC_DECRIPCION` varchar(45) DEFAULT NULL,
  `FUNC_RUTA` varchar(45) DEFAULT NULL,
  `FUNC_ICONO` varchar(45) DEFAULT NULL,
  `FUNC_FECHAREGISTRO` timestamp NULL DEFAULT current_timestamp()
) ENGINE=InnoDB DEFAULT CHARSET=utf8mb4;

-- --------------------------------------------------------

--
-- Estructura de tabla para la tabla `funcionalidad_tipo`
--

CREATE TABLE `funcionalidad_tipo` (
  `FUTI_ID` int(11) NOT NULL,
  `FUTI_FECHAREGISTRO` timestamp NULL DEFAULT current_timestamp(),
  `FUNCIONALIDAD_FUNC_ID` int(11) NOT NULL,
  `TIPO_FUNCION_TIFU_ID` int(11) NOT NULL
) ENGINE=InnoDB DEFAULT CHARSET=utf8mb4;

-- --------------------------------------------------------

--
-- Estructura de tabla para la tabla `funcion_usuario`
--

CREATE TABLE `funcion_usuario` (
  `FUUS_ID` int(11) NOT NULL,
  `FUUS_REGISTRADOPOR` timestamp NULL DEFAULT current_timestamp(),
  `FUNCIONALIDAD_TIPO_FUTI_ID` int(11) NOT NULL,
  `FUNCIONALIDAD_TIPO_FUTI_ID1` int(11) NOT NULL,
  `USUARIO_USUA_ID` int(11) NOT NULL
) ENGINE=InnoDB DEFAULT CHARSET=utf8mb4;

-- --------------------------------------------------------

--
-- Estructura de tabla para la tabla `grupo_sabores`
--

CREATE TABLE `grupo_sabores` (
  `GRSA_ID` int(11) NOT NULL,
  `GRSA_DESCRIPCION` varchar(45) DEFAULT NULL,
  `GRSA_STOCK` int(30) DEFAULT NULL,
  `GRSA_STOCKMINIMO` int(30) DEFAULT NULL,
  `GRSA_PRECIO` float NOT NULL,
  `GRSA_REGISTRADOPOR` varchar(45) DEFAULT NULL,
  `GRSA_FECHAREGISTRO` timestamp NULL DEFAULT current_timestamp(),
  `SABORES_SABO_ID` int(11) DEFAULT NULL,
  `ESTADO_ESTA_ID` int(11) NOT NULL,
  `PRODUCTO_PROD_ID` int(11) NOT NULL,
  `UNIDAD_MEDIDA_UNME_ID` int(11) NOT NULL
) ENGINE=InnoDB DEFAULT CHARSET=utf8mb4;

--
-- Volcado de datos para la tabla `grupo_sabores`
--

INSERT INTO `grupo_sabores` (`GRSA_ID`, `GRSA_DESCRIPCION`, `GRSA_STOCK`, `GRSA_STOCKMINIMO`, `GRSA_PRECIO`, `GRSA_REGISTRADOPOR`, `GRSA_FECHAREGISTRO`, `SABORES_SABO_ID`, `ESTADO_ESTA_ID`, `PRODUCTO_PROD_ID`, `UNIDAD_MEDIDA_UNME_ID`) VALUES
(1, '', 0, 6, 6000, '1', '2022-02-28 01:25:41', 1, 1, 1, 1);

-- --------------------------------------------------------

--
-- Estructura de tabla para la tabla `imagenes`
--

CREATE TABLE `imagenes` (
  `IMAG_ID` int(11) NOT NULL,
  `IMAG_DIRECCIONIMAGEN` varchar(500) DEFAULT NULL,
  `IMAG_REGISTRADOPOR` varchar(45) DEFAULT NULL,
  `IMAG_FECHAREGISTRO` timestamp NULL DEFAULT current_timestamp(),
  `TIPO_IMAGEN_TIIM_ID` int(11) NOT NULL,
  `PRODUCTO_PROD_ID` int(11) DEFAULT NULL,
  `ESTADO_ESTA_ID` int(11) NOT NULL,
  `GRUPO_SABORES_GRSA_ID` int(11) DEFAULT NULL
) ENGINE=InnoDB DEFAULT CHARSET=utf8mb4;

--
-- Volcado de datos para la tabla `imagenes`
--

INSERT INTO `imagenes` (`IMAG_ID`, `IMAG_DIRECCIONIMAGEN`, `IMAG_REGISTRADOPOR`, `IMAG_FECHAREGISTRO`, `TIPO_IMAGEN_TIIM_ID`, `PRODUCTO_PROD_ID`, `ESTADO_ESTA_ID`, `GRUPO_SABORES_GRSA_ID`) VALUES
(1, 'img/categorias/Cate_1/SubCate_1/Prod_1_Tiim_1.png', '1', '2022-02-28 00:19:07', 1, 1, 1, 0),
(2, 'img/categorias/Cate_1/SubCate_1/Prod_1_Tiim_2.png', '1', '2022-02-28 00:19:07', 2, 1, 1, 0),
(8, 'img/categorias/Cate_1/SubCate_1/Prod_1_Tiim_3_Grsa_1.png', '1', '2022-02-28 01:25:41', 3, 1, 1, 1);

-- --------------------------------------------------------

--
-- Estructura de tabla para la tabla `marcas`
--

CREATE TABLE `marcas` (
  `MARC_ID` int(11) NOT NULL,
  `MARC_NOMBRE` varchar(45) DEFAULT NULL,
  `MARC_IMAGEN` varchar(255) DEFAULT NULL,
  `MARC_REGISTRADOPOR` varchar(45) DEFAULT NULL,
  `MARC_FECHAREGISTRO` timestamp NULL DEFAULT current_timestamp(),
  `ESTADO_ESTA_ID` int(11) NOT NULL,
  `MARCAScol` varchar(45) DEFAULT NULL
) ENGINE=InnoDB DEFAULT CHARSET=utf8mb4;

--
-- Volcado de datos para la tabla `marcas`
--

INSERT INTO `marcas` (`MARC_ID`, `MARC_NOMBRE`, `MARC_IMAGEN`, `MARC_REGISTRADOPOR`, `MARC_FECHAREGISTRO`, `ESTADO_ESTA_ID`, `MARCAScol`) VALUES
(1, 'Nutrex', 'img/marcas/Marc_1-Img.png', '1', '2022-02-28 00:03:18', 1, NULL);

-- --------------------------------------------------------

--
-- Estructura de tabla para la tabla `metodo_envio`
--

CREATE TABLE `metodo_envio` (
  `MEEN_ID` int(11) NOT NULL,
  `MEEN_DESCRIPCION` varchar(45) DEFAULT NULL,
  `MEEN_REGISTRADOPOR` varchar(45) DEFAULT NULL,
  `MEEN_FECHAREGISTRO` timestamp NULL DEFAULT current_timestamp()
) ENGINE=InnoDB DEFAULT CHARSET=utf8mb4;

-- --------------------------------------------------------

--
-- Estructura de tabla para la tabla `metodo_pago`
--

CREATE TABLE `metodo_pago` (
  `MEPA_ID` int(11) NOT NULL,
  `MEPA_DESCRIPCION` varchar(45) DEFAULT NULL,
  `MEPA_REGISTRADOPOR` varchar(45) DEFAULT NULL,
  `MEPA_FECHAREGISTRO` timestamp NULL DEFAULT current_timestamp()
) ENGINE=InnoDB DEFAULT CHARSET=utf8mb4;

-- --------------------------------------------------------

--
-- Estructura de tabla para la tabla `objetivos`
--

CREATE TABLE `objetivos` (
  `OBJE_ID` int(11) NOT NULL,
  `OBJE_NOMBRE` varchar(255) DEFAULT NULL,
  `OBJE_REGISTRADOPOR` varchar(45) DEFAULT NULL,
  `OBJE_FECHAREGISTRO` timestamp NULL DEFAULT current_timestamp(),
  `ESTADO_ESTA_ID` int(11) NOT NULL
) ENGINE=InnoDB DEFAULT CHARSET=utf8mb4;

--
-- Volcado de datos para la tabla `objetivos`
--

INSERT INTO `objetivos` (`OBJE_ID`, `OBJE_NOMBRE`, `OBJE_REGISTRADOPOR`, `OBJE_FECHAREGISTRO`, `ESTADO_ESTA_ID`) VALUES
(1, 'objetivo Prueba', '1', '2022-02-28 00:08:15', 1);

-- --------------------------------------------------------

--
-- Estructura de tabla para la tabla `oferta`
--

CREATE TABLE `oferta` (
  `OFER_ID` int(11) NOT NULL,
  `OFER_FECHAINICIO` date DEFAULT NULL,
  `OFER_FECHAFIN` date DEFAULT NULL,
  `OFER_PRECIO` varchar(45) DEFAULT NULL,
  `OFER_REGISTRADOPOR` varchar(45) DEFAULT NULL,
  `OFER_FECHAREGISTRO` timestamp NULL DEFAULT current_timestamp(),
  `PRODUCTO_PROD_ID` int(11) NOT NULL,
  `ESTADO_ESTA_ID` int(11) NOT NULL
) ENGINE=InnoDB DEFAULT CHARSET=utf8mb4;

-- --------------------------------------------------------

--
-- Estructura de tabla para la tabla `pedido`
--

CREATE TABLE `pedido` (
  `PEDI_ID` int(11) NOT NULL,
  `PEDI_FECHAPEDIDO` datetime DEFAULT NULL,
  `PEDI_FECHAENTREGA` datetime DEFAULT NULL,
  `PEDI_FECHAREGISTRO` timestamp NULL DEFAULT current_timestamp(),
  `ESTADO_ESTA_ID` int(11) NOT NULL,
  `USUARIO_USUA_ID` int(11) NOT NULL,
  `CLIENTES_CLIEN_ID` int(11) NOT NULL,
  `METODO_PAGO_MEPA_ID` int(11) NOT NULL,
  `METODO_ENVIO_MEEN_ID` int(11) NOT NULL,
  `CLIENTE_EXTERNO_CLEX_ID` int(11) NOT NULL
) ENGINE=InnoDB DEFAULT CHARSET=utf8mb4;

-- --------------------------------------------------------

--
-- Estructura de tabla para la tabla `pedido_imagen`
--

CREATE TABLE `pedido_imagen` (
  `PEIM_ID` int(11) NOT NULL,
  `PEIM_DESCRIPCION` varchar(45) DEFAULT NULL,
  `PEIM_REGRISTRADOPOR` varchar(45) DEFAULT NULL,
  `PEIM_FECHAREGISTRO` timestamp NULL DEFAULT current_timestamp(),
  `ESTADO_ESTA_ID` int(11) NOT NULL,
  `PEDIDO_PEDI_ID` int(11) NOT NULL,
  `IMAGENES_IMAG_ID` int(11) NOT NULL
) ENGINE=InnoDB DEFAULT CHARSET=utf8mb4;

-- --------------------------------------------------------

--
-- Estructura de tabla para la tabla `producto`
--

CREATE TABLE `producto` (
  `PROD_ID` int(11) NOT NULL,
  `PROD_NOMBRE` varchar(45) DEFAULT NULL,
  `PROD_COMPLEMENTO` varchar(45) DEFAULT NULL,
  `PROD_DESCRIPCION` varchar(2000) DEFAULT NULL,
  `PROD_REGISTROINVIMA` varchar(45) DEFAULT NULL,
  `PROD_ADVERTENCIA` varchar(2000) DEFAULT NULL,
  `PROD_CODIGOBARRAS` varchar(45) DEFAULT NULL,
  `PROD_REGISTRADOPOR` varchar(45) DEFAULT NULL,
  `PROD_FECHAREGISTRO` timestamp NULL DEFAULT current_timestamp(),
  `ESTADO_ESTA_ID` int(11) NOT NULL,
  `SUBCATEGORIA_SUBC_ID` int(10) UNSIGNED NOT NULL,
  `MARCA_MARC_ID` int(11) NOT NULL
) ENGINE=InnoDB DEFAULT CHARSET=utf8mb4;

--
-- Volcado de datos para la tabla `producto`
--

INSERT INTO `producto` (`PROD_ID`, `PROD_NOMBRE`, `PROD_COMPLEMENTO`, `PROD_DESCRIPCION`, `PROD_REGISTROINVIMA`, `PROD_ADVERTENCIA`, `PROD_CODIGOBARRAS`, `PROD_REGISTRADOPOR`, `PROD_FECHAREGISTRO`, `ESTADO_ESTA_ID`, `SUBCATEGORIA_SUBC_ID`, `MARCA_MARC_ID`) VALUES
(1, 'prueba', 'Prue', 'okkk', 'okkk', 'okkkk', 'okkk', '1', '2022-02-28 00:10:21', 1, 1, 1);

-- --------------------------------------------------------

--
-- Estructura de tabla para la tabla `producto_objetivos`
--

CREATE TABLE `producto_objetivos` (
  `PROB_ID` int(11) NOT NULL,
  `PROB_REGISTRADOPOR` varchar(45) DEFAULT NULL,
  `PROB_FECHAREGISTRO` timestamp NULL DEFAULT current_timestamp(),
  `PRODUCTO_PROD_ID` int(11) NOT NULL,
  `OBJETIVOS_OBJE_ID` int(11) NOT NULL
) ENGINE=InnoDB DEFAULT CHARSET=utf8mb4;

-- --------------------------------------------------------

--
-- Estructura de tabla para la tabla `proveedor`
--

CREATE TABLE `proveedor` (
  `PROV_ID` int(11) NOT NULL,
  `PROV_NOMBRE` varchar(60) DEFAULT NULL,
  `PROV_NIT` varchar(45) DEFAULT NULL,
  `PROV_DIRECCION` varchar(45) DEFAULT NULL,
  `PROV_TELEFONO` varchar(45) DEFAULT NULL,
  `PROV_CORREO` varchar(45) DEFAULT NULL,
  `PROV_CELULAR` varchar(45) DEFAULT NULL,
  `PROV_REGISTRADOPOR` varchar(45) DEFAULT NULL,
  `PROV_FECHAREGISTRO` timestamp NULL DEFAULT current_timestamp(),
  `TIPO_DOCUMENTO_TIDO_ID` int(11) NOT NULL,
  `CIUDAD_CIUD_ID` int(11) NOT NULL,
  `ESTADO_ESTA_ID` int(11) NOT NULL
) ENGINE=InnoDB DEFAULT CHARSET=utf8mb4;

-- --------------------------------------------------------

--
-- Estructura de tabla para la tabla `rol`
--

CREATE TABLE `rol` (
  `ROL_ID` int(11) NOT NULL,
  `ROL_TIPO` varchar(45) DEFAULT NULL,
  `ROL_REGISTRADOPOR` timestamp NULL DEFAULT current_timestamp(),
  `ESTADO_ESTA_ID` int(11) NOT NULL
) ENGINE=InnoDB DEFAULT CHARSET=utf8mb4;

--
-- Volcado de datos para la tabla `rol`
--

INSERT INTO `rol` (`ROL_ID`, `ROL_TIPO`, `ROL_REGISTRADOPOR`, `ESTADO_ESTA_ID`) VALUES
(1, 'Admin', '2021-12-27 01:02:02', 1),
(2, 'Raso', '2021-12-27 01:02:02', 1);

-- --------------------------------------------------------

--
-- Estructura de tabla para la tabla `sabores`
--

CREATE TABLE `sabores` (
  `SABO_ID` int(11) NOT NULL,
  `SABO_DESCRIPCION` varchar(45) DEFAULT NULL,
  `SABO_REGISTRADOPOR` varchar(45) DEFAULT NULL,
  `SABO_FECHAREGISTRO` timestamp NULL DEFAULT current_timestamp(),
  `ESTADO_ESTA_ID` int(11) NOT NULL
) ENGINE=InnoDB DEFAULT CHARSET=utf8mb4;

--
-- Volcado de datos para la tabla `sabores`
--

INSERT INTO `sabores` (`SABO_ID`, `SABO_DESCRIPCION`, `SABO_REGISTRADOPOR`, `SABO_FECHAREGISTRO`, `ESTADO_ESTA_ID`) VALUES
(1, 'Prueba Sabor', '1', '2022-02-28 00:07:33', 1);

-- --------------------------------------------------------

--
-- Estructura de tabla para la tabla `subcategoria`
--

CREATE TABLE `subcategoria` (
  `SUBC_ID` int(10) UNSIGNED NOT NULL,
  `SUBC_NOMBRE` varchar(45) DEFAULT NULL,
  `SUBC_DESCRIPCION` varchar(255) DEFAULT NULL,
  `SUBC_REGISTRADOPOR` varchar(45) DEFAULT NULL,
  `SUBC_FECHAREGISTRO` timestamp NULL DEFAULT current_timestamp(),
  `CATEGORIA_CATE_ID` int(11) NOT NULL,
  `ESTADO_ESTA_ID` int(11) NOT NULL
) ENGINE=InnoDB DEFAULT CHARSET=utf8mb4;

--
-- Volcado de datos para la tabla `subcategoria`
--

INSERT INTO `subcategoria` (`SUBC_ID`, `SUBC_NOMBRE`, `SUBC_DESCRIPCION`, `SUBC_REGISTRADOPOR`, `SUBC_FECHAREGISTRO`, `CATEGORIA_CATE_ID`, `ESTADO_ESTA_ID`) VALUES
(1, 'Sub Prueba 1', 'Sub Prueba 1', '1', '2022-02-27 23:53:26', 1, 1);

-- --------------------------------------------------------

--
-- Estructura de tabla para la tabla `tamanos`
--

CREATE TABLE `tamanos` (
  `TAMA_ID` int(11) NOT NULL,
  `TAMA_DENOMINACION` varchar(45) DEFAULT NULL,
  `TAMA_PRECIO` float DEFAULT NULL,
  `TAMA_REGISTRADOPOR` varchar(45) DEFAULT NULL,
  `TAMA_FECHAREGISTRO` timestamp NULL DEFAULT current_timestamp(),
  `ESTADO_ESTA_ID` int(11) NOT NULL,
  `UNIDAD_MEDIDA_UNME_ID` int(11) NOT NULL,
  `PRODUCTO_PROD_ID` int(11) NOT NULL
) ENGINE=InnoDB DEFAULT CHARSET=utf8mb4;

-- --------------------------------------------------------

--
-- Estructura de tabla para la tabla `tipo_documento`
--

CREATE TABLE `tipo_documento` (
  `TIDO_ID` int(11) NOT NULL,
  `TIDO_DESCRIPCION` varchar(45) DEFAULT NULL,
  `TIDO_REGISTRADOPOR` varchar(45) DEFAULT NULL,
  `TIDO_FECHAREGISTRO` timestamp NULL DEFAULT current_timestamp(),
  `ESTADO_ESTA_ID` int(11) NOT NULL
) ENGINE=InnoDB DEFAULT CHARSET=utf8mb4;

--
-- Volcado de datos para la tabla `tipo_documento`
--

INSERT INTO `tipo_documento` (`TIDO_ID`, `TIDO_DESCRIPCION`, `TIDO_REGISTRADOPOR`, `TIDO_FECHAREGISTRO`, `ESTADO_ESTA_ID`) VALUES
(1, 'Cedula de Ciudadania', '1', '2021-12-27 03:21:47', 1),
(2, 'Tarjeta de identidad', '1', '2022-01-11 11:23:01', 1),
(3, 'Cedula de extranjeria', '1', '2022-01-11 11:23:01', 1),
(4, 'Pasaporte', '1', '2022-01-11 11:23:19', 1),
(5, 'Nit', '1', '2022-01-11 11:23:19', 1);

-- --------------------------------------------------------

--
-- Estructura de tabla para la tabla `tipo_funcion`
--

CREATE TABLE `tipo_funcion` (
  `TIFU_ID` int(11) NOT NULL,
  `TIFU_DESCRIPCION` varchar(45) DEFAULT NULL,
  `TIFU_FECHAREGISTRO` timestamp NULL DEFAULT current_timestamp()
) ENGINE=InnoDB DEFAULT CHARSET=utf8mb4;

-- --------------------------------------------------------

--
-- Estructura de tabla para la tabla `tipo_imagen`
--

CREATE TABLE `tipo_imagen` (
  `TIIM_ID` int(11) NOT NULL,
  `TIIM_DESCRIPCION` varchar(45) DEFAULT NULL,
  `TIIM_REGISTRADOPOR` varchar(45) DEFAULT NULL,
  `TIIM_FECHAREGISTRO` timestamp NULL DEFAULT current_timestamp()
) ENGINE=InnoDB DEFAULT CHARSET=utf8mb4;

--
-- Volcado de datos para la tabla `tipo_imagen`
--

INSERT INTO `tipo_imagen` (`TIIM_ID`, `TIIM_DESCRIPCION`, `TIIM_REGISTRADOPOR`, `TIIM_FECHAREGISTRO`) VALUES
(1, 'Portada', '1', '2022-02-27 08:27:51'),
(2, 'Nutricional', '1', '2022-02-27 08:28:04'),
(3, 'Presentacion Sabor', '1', '2022-02-28 01:02:05');

-- --------------------------------------------------------

--
-- Estructura de tabla para la tabla `tipo_impuesto`
--

CREATE TABLE `tipo_impuesto` (
  `TPIM_ID` int(11) NOT NULL,
  `TPIM_DESCRIPCION` varchar(45) DEFAULT NULL,
  `TPIM_FECHAREGISTRO` timestamp NULL DEFAULT current_timestamp(),
  `TPIM_REGISTRADOPOR` varchar(45) DEFAULT NULL
) ENGINE=InnoDB DEFAULT CHARSET=utf8mb4;

-- --------------------------------------------------------

--
-- Estructura de tabla para la tabla `unidad_medida`
--

CREATE TABLE `unidad_medida` (
  `UNME_ID` int(11) NOT NULL,
  `UNME_MEDIDA` varchar(45) DEFAULT NULL,
  `UNME_REGISTRADOPOR` varchar(45) DEFAULT NULL,
  `UNME_FECHAREGISTRO` timestamp NULL DEFAULT current_timestamp(),
  `ESTADO_ESTA_ID` int(11) NOT NULL
) ENGINE=InnoDB DEFAULT CHARSET=utf8mb4;

--
-- Volcado de datos para la tabla `unidad_medida`
--

INSERT INTO `unidad_medida` (`UNME_ID`, `UNME_MEDIDA`, `UNME_REGISTRADOPOR`, `UNME_FECHAREGISTRO`, `ESTADO_ESTA_ID`) VALUES
(1, 'Presentacion Prueba', '1', '2022-02-28 00:08:01', 1);

-- --------------------------------------------------------

--
-- Estructura de tabla para la tabla `usuario`
--

CREATE TABLE `usuario` (
  `USUA_ID` int(11) NOT NULL,
  `USUA_NOMBRES` varchar(60) DEFAULT NULL,
  `USUA_APELLIDOS` varchar(60) DEFAULT NULL,
  `USUA_NUMERODOCUMENTO` varchar(45) DEFAULT NULL,
  `USUA_CORREO` varchar(80) DEFAULT NULL,
  `USUA_DIRECCION` varchar(80) DEFAULT NULL,
  `USUA_NUMEROCELULAR` varchar(45) DEFAULT NULL,
  `USUA_FECHANACIMIENTO` date DEFAULT NULL,
  `USUA_PASSWORD` varchar(255) DEFAULT NULL,
  `USUA_FOTO` varchar(500) DEFAULT NULL,
  `REMEMBER_TOKEN` varchar(255) DEFAULT NULL,
  `USUA_FECHAREGISTRO` timestamp NULL DEFAULT current_timestamp(),
  `CIUDAD_CIUD_ID` int(11) NOT NULL DEFAULT 1,
  `ESTADO_ESTA_ID` int(11) NOT NULL DEFAULT 1,
  `ROL_ROL_ID` int(11) NOT NULL DEFAULT 1,
  `TIPO_DOCUMENTO_TIDO_ID` int(11) NOT NULL DEFAULT 1
) ENGINE=InnoDB DEFAULT CHARSET=utf8mb4;

--
-- Volcado de datos para la tabla `usuario`
--

INSERT INTO `usuario` (`USUA_ID`, `USUA_NOMBRES`, `USUA_APELLIDOS`, `USUA_NUMERODOCUMENTO`, `USUA_CORREO`, `USUA_DIRECCION`, `USUA_NUMEROCELULAR`, `USUA_FECHANACIMIENTO`, `USUA_PASSWORD`, `USUA_FOTO`, `REMEMBER_TOKEN`, `USUA_FECHAREGISTRO`, `CIUDAD_CIUD_ID`, `ESTADO_ESTA_ID`, `ROL_ROL_ID`, `TIPO_DOCUMENTO_TIDO_ID`) VALUES
(1, 'Yohan Sebastian', 'Moreno Lesmes', '1069750850', 'ysmorenol@misena.edu.co', 'calle 4 # 10-23', '3124172788', '1995-04-04', '$2y$10$9w.J7sR.IGppv8X.r0YKJ.ueFTN5MSbCOMLWQWakJZRyp6BzP9w1e', 'img/avatar/User_1/User_1-1643679764.png', 'ozpG1nkJDCCX74kZ85uO0xO4lbwfPRlOkP3WqqSp4kMi26a86zIxnqa502al', '2021-12-31 12:24:02', 612, 1, 1, 1);

--
-- Índices para tablas volcadas
--

--
-- Indices de la tabla `banner`
--
ALTER TABLE `banner`
  ADD PRIMARY KEY (`BANN_ID`),
  ADD KEY `fk_BANNER_ESTADO1_idx` (`ESTADO_ESTA_ID`);

--
-- Indices de la tabla `caracteristicas`
--
ALTER TABLE `caracteristicas`
  ADD PRIMARY KEY (`CARA_ID`);

--
-- Indices de la tabla `caracteristica_producto`
--
ALTER TABLE `caracteristica_producto`
  ADD PRIMARY KEY (`CAPR_ID`),
  ADD KEY `fk_CARACTERISTICA_PRODUCTO_CARACTERISTICAS1_idx` (`CARACTERISTICAS_CARA_ID`),
  ADD KEY `fk_CARACTERISTICA_PRODUCTO_PRODUCTO1_idx` (`PRODUCTO_PROD_ID`);

--
-- Indices de la tabla `categoria`
--
ALTER TABLE `categoria`
  ADD PRIMARY KEY (`CATE_ID`),
  ADD KEY `fk_CATEGORIA_ESTADO1_idx` (`ESTADO_ESTA_ID`);

--
-- Indices de la tabla `ciudad`
--
ALTER TABLE `ciudad`
  ADD PRIMARY KEY (`CIUD_ID`),
  ADD KEY `fk_CIUDAD_DEPARTAMENTO1_idx` (`DEPARTAMENTO_DEPA_ID`),
  ADD KEY `fk_CIUDAD_ESTADO1_idx` (`ESTADO_ESTA_ID`);

--
-- Indices de la tabla `clientes`
--
ALTER TABLE `clientes`
  ADD PRIMARY KEY (`CLIEN_ID`),
  ADD UNIQUE KEY `CLIEN_NUMERODOCUMENTO_UNIQUE` (`CLIEN_NUMERODOCUMENTO`),
  ADD UNIQUE KEY `CLIEN_CORREO_UNIQUE` (`CLIEN_CORREO`),
  ADD KEY `fk_CLIENTES_ESTADO1_idx` (`ESTADO_ESTA_ID`),
  ADD KEY `fk_CLIENTES_CIUDAD1_idx` (`CIUDAD_CIUD_ID`),
  ADD KEY `fk_CLIENTES_TIPO_DOCUMENTO1_idx` (`TIPO_DOCUMENTO_TIDO_ID`);

--
-- Indices de la tabla `cliente_externo`
--
ALTER TABLE `cliente_externo`
  ADD PRIMARY KEY (`CLEX_ID`),
  ADD KEY `fk_CLIENTE_EXTERNO_ESTADO1_idx` (`ESTADO_ESTA_ID`),
  ADD KEY `fk_CLIENTE_EXTERNO_CIUDAD1_idx` (`CIUDAD_CIUD_ID`);

--
-- Indices de la tabla `compras`
--
ALTER TABLE `compras`
  ADD PRIMARY KEY (`COMP_ID`),
  ADD KEY `fk_COMPRAS_PROVEEDOR1_idx` (`PROVEEDOR_PROV_ID`),
  ADD KEY `fk_COMPRAS_TIPO_IMPUESTO1_idx` (`TIPO_IMPUESTO_TIIM_ID`),
  ADD KEY `fk_COMPRAS_UNIDAD_MEDIDA1_idx` (`UNIDAD_MEDIDA_UNME_ID`),
  ADD KEY `fk_COMPRAS_ESTADO1_idx` (`ESTADO_ESTA_ID`),
  ADD KEY `fk_COMPRAS_PRODUCTO1_idx` (`PRODUCTO_PROD_ID`),
  ADD KEY `fk_COMPRAS_SABORES1_idx` (`SABORES_SABO_ID`);

--
-- Indices de la tabla `departamento`
--
ALTER TABLE `departamento`
  ADD PRIMARY KEY (`DEPA_ID`),
  ADD KEY `fk_DEPARTAMENTO_ESTADO1_idx` (`ESTADO_ESTA_ID`);

--
-- Indices de la tabla `detalle_pedido`
--
ALTER TABLE `detalle_pedido`
  ADD PRIMARY KEY (`DEPE_ID`),
  ADD KEY `fk_DETALLE_PEDIDO_PEDIDO1_idx` (`PEDIDO_PEDI_ID`),
  ADD KEY `fk_DETALLE_PEDIDO_PRODUCTO1_idx` (`PRODUCTO_PROD_ID`),
  ADD KEY `fk_DETALLE_PEDIDO_ESTADO1_idx` (`ESTADO_ESTA_ID`);

--
-- Indices de la tabla `estado`
--
ALTER TABLE `estado`
  ADD PRIMARY KEY (`ESTA_ID`);

--
-- Indices de la tabla `funcionalidad`
--
ALTER TABLE `funcionalidad`
  ADD PRIMARY KEY (`FUNC_ID`);

--
-- Indices de la tabla `funcionalidad_tipo`
--
ALTER TABLE `funcionalidad_tipo`
  ADD PRIMARY KEY (`FUTI_ID`),
  ADD KEY `fk_FUNCIONALIDAD_TIPO_FUNCIONALIDAD1_idx` (`FUNCIONALIDAD_FUNC_ID`),
  ADD KEY `fk_FUNCIONALIDAD_TIPO_TIPO_FUNCION1_idx` (`TIPO_FUNCION_TIFU_ID`);

--
-- Indices de la tabla `funcion_usuario`
--
ALTER TABLE `funcion_usuario`
  ADD PRIMARY KEY (`FUUS_ID`,`FUNCIONALIDAD_TIPO_FUTI_ID`),
  ADD KEY `fk_FUNCION_USUARIO_FUNCIONALIDAD_TIPO1_idx` (`FUNCIONALIDAD_TIPO_FUTI_ID1`),
  ADD KEY `fk_FUNCION_USUARIO_USUARIO1_idx` (`USUARIO_USUA_ID`);

--
-- Indices de la tabla `grupo_sabores`
--
ALTER TABLE `grupo_sabores`
  ADD PRIMARY KEY (`GRSA_ID`),
  ADD KEY `fk_GRUPO_SABORES_SABORES1_idx` (`SABORES_SABO_ID`),
  ADD KEY `fk_GRUPO_SABORES_ESTADO1_idx` (`ESTADO_ESTA_ID`),
  ADD KEY `fk_GRUPO_SABORES_PRODUCTO1_idx` (`PRODUCTO_PROD_ID`);

--
-- Indices de la tabla `imagenes`
--
ALTER TABLE `imagenes`
  ADD PRIMARY KEY (`IMAG_ID`),
  ADD KEY `fk_IMAGENES_TIPO_IMAGEN1_idx` (`TIPO_IMAGEN_TIIM_ID`),
  ADD KEY `fk_IMAGENES_PRODUCTO1_idx` (`PRODUCTO_PROD_ID`),
  ADD KEY `fk_IMAGENES_ESTADO1_idx` (`ESTADO_ESTA_ID`);

--
-- Indices de la tabla `marcas`
--
ALTER TABLE `marcas`
  ADD PRIMARY KEY (`MARC_ID`) USING BTREE,
  ADD KEY `fk_MARCA_ESTADO1_idx` (`ESTADO_ESTA_ID`);

--
-- Indices de la tabla `metodo_envio`
--
ALTER TABLE `metodo_envio`
  ADD PRIMARY KEY (`MEEN_ID`);

--
-- Indices de la tabla `metodo_pago`
--
ALTER TABLE `metodo_pago`
  ADD PRIMARY KEY (`MEPA_ID`);

--
-- Indices de la tabla `objetivos`
--
ALTER TABLE `objetivos`
  ADD PRIMARY KEY (`OBJE_ID`),
  ADD KEY `fk_OBJETIVOS_ESTADO1_idx` (`ESTADO_ESTA_ID`);

--
-- Indices de la tabla `oferta`
--
ALTER TABLE `oferta`
  ADD PRIMARY KEY (`OFER_ID`),
  ADD KEY `fk_OFERTA_PRODUCTO1_idx` (`PRODUCTO_PROD_ID`),
  ADD KEY `fk_OFERTA_ESTADO1_idx` (`ESTADO_ESTA_ID`);

--
-- Indices de la tabla `pedido`
--
ALTER TABLE `pedido`
  ADD PRIMARY KEY (`PEDI_ID`),
  ADD KEY `fk_PEDIDO_ESTADO1_idx` (`ESTADO_ESTA_ID`),
  ADD KEY `fk_PEDIDO_USUARIO1_idx` (`USUARIO_USUA_ID`),
  ADD KEY `fk_PEDIDO_CLIENTES1_idx` (`CLIENTES_CLIEN_ID`),
  ADD KEY `fk_PEDIDO_METODO_PAGO1_idx` (`METODO_PAGO_MEPA_ID`),
  ADD KEY `fk_PEDIDO_METODO_ENVIO1_idx` (`METODO_ENVIO_MEEN_ID`),
  ADD KEY `fk_PEDIDO_CLIENTE_EXTERNO1_idx` (`CLIENTE_EXTERNO_CLEX_ID`);

--
-- Indices de la tabla `pedido_imagen`
--
ALTER TABLE `pedido_imagen`
  ADD PRIMARY KEY (`PEIM_ID`),
  ADD KEY `fk_PEDIDO_IMAGEN_ESTADO1_idx` (`ESTADO_ESTA_ID`),
  ADD KEY `fk_PEDIDO_IMAGEN_PEDIDO1_idx` (`PEDIDO_PEDI_ID`),
  ADD KEY `fk_PEDIDO_IMAGEN_IMAGENES1_idx` (`IMAGENES_IMAG_ID`);

--
-- Indices de la tabla `producto`
--
ALTER TABLE `producto`
  ADD PRIMARY KEY (`PROD_ID`),
  ADD KEY `fk_PRODUCTO_ESTADO1_idx` (`ESTADO_ESTA_ID`),
  ADD KEY `fk_PRODUCTO_SUBCATEGORIA1_idx` (`SUBCATEGORIA_SUBC_ID`);

--
-- Indices de la tabla `producto_objetivos`
--
ALTER TABLE `producto_objetivos`
  ADD PRIMARY KEY (`PROB_ID`),
  ADD KEY `fk_PRODUCTO_OBJETIVOS_PRODUCTO1_idx` (`PRODUCTO_PROD_ID`),
  ADD KEY `fk_PRODUCTO_OBJETIVOS_OBJETIVOS1_idx` (`OBJETIVOS_OBJE_ID`);

--
-- Indices de la tabla `proveedor`
--
ALTER TABLE `proveedor`
  ADD PRIMARY KEY (`PROV_ID`),
  ADD KEY `fk_PROVEEDOR_TIPO_DOCUMENTO1_idx` (`TIPO_DOCUMENTO_TIDO_ID`),
  ADD KEY `fk_PROVEEDOR_CIUDAD1_idx` (`CIUDAD_CIUD_ID`),
  ADD KEY `fk_PROVEEDOR_ESTADO1_idx` (`ESTADO_ESTA_ID`);

--
-- Indices de la tabla `rol`
--
ALTER TABLE `rol`
  ADD PRIMARY KEY (`ROL_ID`),
  ADD KEY `fk_ROL_ESTADO1_idx` (`ESTADO_ESTA_ID`);

--
-- Indices de la tabla `sabores`
--
ALTER TABLE `sabores`
  ADD PRIMARY KEY (`SABO_ID`),
  ADD KEY `fk_SABORES_ESTADO1_idx` (`ESTADO_ESTA_ID`);

--
-- Indices de la tabla `subcategoria`
--
ALTER TABLE `subcategoria`
  ADD PRIMARY KEY (`SUBC_ID`),
  ADD KEY `fk_SUBCATEGORIA_CATEGORIA1_idx` (`CATEGORIA_CATE_ID`),
  ADD KEY `fk_SUBCATEGORIA_ESTADO1_idx` (`ESTADO_ESTA_ID`);

--
-- Indices de la tabla `tamanos`
--
ALTER TABLE `tamanos`
  ADD PRIMARY KEY (`TAMA_ID`),
  ADD KEY `fk_TAMANOS_ESTADO1_idx` (`ESTADO_ESTA_ID`),
  ADD KEY `fk_TAMANOS_UNIDAD_MEDIDA1_idx` (`UNIDAD_MEDIDA_UNME_ID`),
  ADD KEY `fk_TAMANOS_PRODUCTO1_idx` (`PRODUCTO_PROD_ID`);

--
-- Indices de la tabla `tipo_documento`
--
ALTER TABLE `tipo_documento`
  ADD PRIMARY KEY (`TIDO_ID`),
  ADD KEY `fk_TIPO_DOCUMENTO_ESTADO1_idx` (`ESTADO_ESTA_ID`);

--
-- Indices de la tabla `tipo_funcion`
--
ALTER TABLE `tipo_funcion`
  ADD PRIMARY KEY (`TIFU_ID`);

--
-- Indices de la tabla `tipo_imagen`
--
ALTER TABLE `tipo_imagen`
  ADD PRIMARY KEY (`TIIM_ID`);

--
-- Indices de la tabla `tipo_impuesto`
--
ALTER TABLE `tipo_impuesto`
  ADD PRIMARY KEY (`TPIM_ID`);

--
-- Indices de la tabla `unidad_medida`
--
ALTER TABLE `unidad_medida`
  ADD PRIMARY KEY (`UNME_ID`),
  ADD KEY `fk_UNIDAD_MEDIDA_ESTADO1_idx` (`ESTADO_ESTA_ID`);

--
-- Indices de la tabla `usuario`
--
ALTER TABLE `usuario`
  ADD PRIMARY KEY (`USUA_ID`),
  ADD UNIQUE KEY `USUA_CORREO_UNIQUE` (`USUA_CORREO`),
  ADD UNIQUE KEY `USUA_NUMERODOCUMENTO_UNIQUE` (`USUA_NUMERODOCUMENTO`),
  ADD KEY `fk_USUARIO_CIUDAD1_idx` (`CIUDAD_CIUD_ID`),
  ADD KEY `fk_USUARIO_ESTADO1_idx` (`ESTADO_ESTA_ID`),
  ADD KEY `fk_USUARIO_ROL1_idx` (`ROL_ROL_ID`),
  ADD KEY `fk_USUARIO_TIPO_DOCUMENTO1_idx` (`TIPO_DOCUMENTO_TIDO_ID`);

--
-- AUTO_INCREMENT de las tablas volcadas
--

--
-- AUTO_INCREMENT de la tabla `banner`
--
ALTER TABLE `banner`
  MODIFY `BANN_ID` int(11) NOT NULL AUTO_INCREMENT;

--
-- AUTO_INCREMENT de la tabla `caracteristicas`
--
ALTER TABLE `caracteristicas`
  MODIFY `CARA_ID` int(11) NOT NULL AUTO_INCREMENT;

--
-- AUTO_INCREMENT de la tabla `caracteristica_producto`
--
ALTER TABLE `caracteristica_producto`
  MODIFY `CAPR_ID` int(11) NOT NULL AUTO_INCREMENT;

--
-- AUTO_INCREMENT de la tabla `categoria`
--
ALTER TABLE `categoria`
  MODIFY `CATE_ID` int(11) NOT NULL AUTO_INCREMENT, AUTO_INCREMENT=2;

--
-- AUTO_INCREMENT de la tabla `ciudad`
--
ALTER TABLE `ciudad`
  MODIFY `CIUD_ID` int(11) NOT NULL AUTO_INCREMENT, AUTO_INCREMENT=1377;

--
-- AUTO_INCREMENT de la tabla `clientes`
--
ALTER TABLE `clientes`
  MODIFY `CLIEN_ID` int(11) NOT NULL AUTO_INCREMENT;

--
-- AUTO_INCREMENT de la tabla `cliente_externo`
--
ALTER TABLE `cliente_externo`
  MODIFY `CLEX_ID` int(11) NOT NULL AUTO_INCREMENT;

--
-- AUTO_INCREMENT de la tabla `compras`
--
ALTER TABLE `compras`
  MODIFY `COMP_ID` int(11) NOT NULL AUTO_INCREMENT;

--
-- AUTO_INCREMENT de la tabla `departamento`
--
ALTER TABLE `departamento`
  MODIFY `DEPA_ID` int(11) NOT NULL AUTO_INCREMENT, AUTO_INCREMENT=34;

--
-- AUTO_INCREMENT de la tabla `detalle_pedido`
--
ALTER TABLE `detalle_pedido`
  MODIFY `DEPE_ID` int(11) NOT NULL AUTO_INCREMENT;

--
-- AUTO_INCREMENT de la tabla `estado`
--
ALTER TABLE `estado`
  MODIFY `ESTA_ID` int(11) NOT NULL AUTO_INCREMENT, AUTO_INCREMENT=5;

--
-- AUTO_INCREMENT de la tabla `funcionalidad`
--
ALTER TABLE `funcionalidad`
  MODIFY `FUNC_ID` int(11) NOT NULL AUTO_INCREMENT;

--
-- AUTO_INCREMENT de la tabla `funcionalidad_tipo`
--
ALTER TABLE `funcionalidad_tipo`
  MODIFY `FUTI_ID` int(11) NOT NULL AUTO_INCREMENT;

--
-- AUTO_INCREMENT de la tabla `funcion_usuario`
--
ALTER TABLE `funcion_usuario`
  MODIFY `FUUS_ID` int(11) NOT NULL AUTO_INCREMENT;

--
-- AUTO_INCREMENT de la tabla `grupo_sabores`
--
ALTER TABLE `grupo_sabores`
  MODIFY `GRSA_ID` int(11) NOT NULL AUTO_INCREMENT, AUTO_INCREMENT=3;

--
-- AUTO_INCREMENT de la tabla `imagenes`
--
ALTER TABLE `imagenes`
  MODIFY `IMAG_ID` int(11) NOT NULL AUTO_INCREMENT, AUTO_INCREMENT=10;

--
-- AUTO_INCREMENT de la tabla `marcas`
--
ALTER TABLE `marcas`
  MODIFY `MARC_ID` int(11) NOT NULL AUTO_INCREMENT, AUTO_INCREMENT=2;

--
-- AUTO_INCREMENT de la tabla `metodo_envio`
--
ALTER TABLE `metodo_envio`
  MODIFY `MEEN_ID` int(11) NOT NULL AUTO_INCREMENT;

--
-- AUTO_INCREMENT de la tabla `metodo_pago`
--
ALTER TABLE `metodo_pago`
  MODIFY `MEPA_ID` int(11) NOT NULL AUTO_INCREMENT;

--
-- AUTO_INCREMENT de la tabla `objetivos`
--
ALTER TABLE `objetivos`
  MODIFY `OBJE_ID` int(11) NOT NULL AUTO_INCREMENT, AUTO_INCREMENT=2;

--
-- AUTO_INCREMENT de la tabla `oferta`
--
ALTER TABLE `oferta`
  MODIFY `OFER_ID` int(11) NOT NULL AUTO_INCREMENT;

--
-- AUTO_INCREMENT de la tabla `pedido`
--
ALTER TABLE `pedido`
  MODIFY `PEDI_ID` int(11) NOT NULL AUTO_INCREMENT;

--
-- AUTO_INCREMENT de la tabla `pedido_imagen`
--
ALTER TABLE `pedido_imagen`
  MODIFY `PEIM_ID` int(11) NOT NULL AUTO_INCREMENT;

--
-- AUTO_INCREMENT de la tabla `producto`
--
ALTER TABLE `producto`
  MODIFY `PROD_ID` int(11) NOT NULL AUTO_INCREMENT, AUTO_INCREMENT=2;

--
-- AUTO_INCREMENT de la tabla `producto_objetivos`
--
ALTER TABLE `producto_objetivos`
  MODIFY `PROB_ID` int(11) NOT NULL AUTO_INCREMENT;

--
-- AUTO_INCREMENT de la tabla `proveedor`
--
ALTER TABLE `proveedor`
  MODIFY `PROV_ID` int(11) NOT NULL AUTO_INCREMENT;

--
-- AUTO_INCREMENT de la tabla `rol`
--
ALTER TABLE `rol`
  MODIFY `ROL_ID` int(11) NOT NULL AUTO_INCREMENT, AUTO_INCREMENT=3;

--
-- AUTO_INCREMENT de la tabla `sabores`
--
ALTER TABLE `sabores`
  MODIFY `SABO_ID` int(11) NOT NULL AUTO_INCREMENT, AUTO_INCREMENT=2;

--
-- AUTO_INCREMENT de la tabla `subcategoria`
--
ALTER TABLE `subcategoria`
  MODIFY `SUBC_ID` int(10) UNSIGNED NOT NULL AUTO_INCREMENT, AUTO_INCREMENT=2;

--
-- AUTO_INCREMENT de la tabla `tamanos`
--
ALTER TABLE `tamanos`
  MODIFY `TAMA_ID` int(11) NOT NULL AUTO_INCREMENT;

--
-- AUTO_INCREMENT de la tabla `tipo_documento`
--
ALTER TABLE `tipo_documento`
  MODIFY `TIDO_ID` int(11) NOT NULL AUTO_INCREMENT, AUTO_INCREMENT=6;

--
-- AUTO_INCREMENT de la tabla `tipo_funcion`
--
ALTER TABLE `tipo_funcion`
  MODIFY `TIFU_ID` int(11) NOT NULL AUTO_INCREMENT;

--
-- AUTO_INCREMENT de la tabla `tipo_imagen`
--
ALTER TABLE `tipo_imagen`
  MODIFY `TIIM_ID` int(11) NOT NULL AUTO_INCREMENT, AUTO_INCREMENT=4;

--
-- AUTO_INCREMENT de la tabla `tipo_impuesto`
--
ALTER TABLE `tipo_impuesto`
  MODIFY `TPIM_ID` int(11) NOT NULL AUTO_INCREMENT;

--
-- AUTO_INCREMENT de la tabla `unidad_medida`
--
ALTER TABLE `unidad_medida`
  MODIFY `UNME_ID` int(11) NOT NULL AUTO_INCREMENT, AUTO_INCREMENT=2;

--
-- AUTO_INCREMENT de la tabla `usuario`
--
ALTER TABLE `usuario`
  MODIFY `USUA_ID` int(11) NOT NULL AUTO_INCREMENT, AUTO_INCREMENT=2;

--
-- Restricciones para tablas volcadas
--

--
-- Filtros para la tabla `banner`
--
ALTER TABLE `banner`
  ADD CONSTRAINT `fk_BANNER_ESTADO1` FOREIGN KEY (`ESTADO_ESTA_ID`) REFERENCES `estado` (`ESTA_ID`) ON DELETE NO ACTION ON UPDATE NO ACTION;

--
-- Filtros para la tabla `caracteristica_producto`
--
ALTER TABLE `caracteristica_producto`
  ADD CONSTRAINT `fk_CARACTERISTICA_PRODUCTO_CARACTERISTICAS1` FOREIGN KEY (`CARACTERISTICAS_CARA_ID`) REFERENCES `caracteristicas` (`CARA_ID`) ON DELETE NO ACTION ON UPDATE NO ACTION,
  ADD CONSTRAINT `fk_CARACTERISTICA_PRODUCTO_PRODUCTO1` FOREIGN KEY (`PRODUCTO_PROD_ID`) REFERENCES `producto` (`PROD_ID`) ON DELETE NO ACTION ON UPDATE NO ACTION;

--
-- Filtros para la tabla `categoria`
--
ALTER TABLE `categoria`
  ADD CONSTRAINT `fk_CATEGORIA_ESTADO1` FOREIGN KEY (`ESTADO_ESTA_ID`) REFERENCES `estado` (`ESTA_ID`) ON DELETE NO ACTION ON UPDATE NO ACTION;

--
-- Filtros para la tabla `ciudad`
--
ALTER TABLE `ciudad`
  ADD CONSTRAINT `fk_CIUDAD_DEPARTAMENTO1` FOREIGN KEY (`DEPARTAMENTO_DEPA_ID`) REFERENCES `departamento` (`DEPA_ID`) ON DELETE NO ACTION ON UPDATE NO ACTION,
  ADD CONSTRAINT `fk_CIUDAD_ESTADO1` FOREIGN KEY (`ESTADO_ESTA_ID`) REFERENCES `estado` (`ESTA_ID`) ON DELETE NO ACTION ON UPDATE NO ACTION;

--
-- Filtros para la tabla `clientes`
--
ALTER TABLE `clientes`
  ADD CONSTRAINT `fk_CLIENTES_CIUDAD1` FOREIGN KEY (`CIUDAD_CIUD_ID`) REFERENCES `ciudad` (`CIUD_ID`) ON DELETE NO ACTION ON UPDATE NO ACTION,
  ADD CONSTRAINT `fk_CLIENTES_ESTADO1` FOREIGN KEY (`ESTADO_ESTA_ID`) REFERENCES `estado` (`ESTA_ID`) ON DELETE NO ACTION ON UPDATE NO ACTION,
  ADD CONSTRAINT `fk_CLIENTES_TIPO_DOCUMENTO1` FOREIGN KEY (`TIPO_DOCUMENTO_TIDO_ID`) REFERENCES `tipo_documento` (`TIDO_ID`) ON DELETE NO ACTION ON UPDATE NO ACTION;

--
-- Filtros para la tabla `cliente_externo`
--
ALTER TABLE `cliente_externo`
  ADD CONSTRAINT `fk_CLIENTE_EXTERNO_CIUDAD1` FOREIGN KEY (`CIUDAD_CIUD_ID`) REFERENCES `ciudad` (`CIUD_ID`) ON DELETE NO ACTION ON UPDATE NO ACTION,
  ADD CONSTRAINT `fk_CLIENTE_EXTERNO_ESTADO1` FOREIGN KEY (`ESTADO_ESTA_ID`) REFERENCES `estado` (`ESTA_ID`) ON DELETE NO ACTION ON UPDATE NO ACTION;

--
-- Filtros para la tabla `compras`
--
ALTER TABLE `compras`
  ADD CONSTRAINT `fk_COMPRAS_ESTADO1` FOREIGN KEY (`ESTADO_ESTA_ID`) REFERENCES `estado` (`ESTA_ID`) ON DELETE NO ACTION ON UPDATE NO ACTION,
  ADD CONSTRAINT `fk_COMPRAS_PRODUCTO1` FOREIGN KEY (`PRODUCTO_PROD_ID`) REFERENCES `producto` (`PROD_ID`) ON DELETE NO ACTION ON UPDATE NO ACTION,
  ADD CONSTRAINT `fk_COMPRAS_PROVEEDOR1` FOREIGN KEY (`PROVEEDOR_PROV_ID`) REFERENCES `proveedor` (`PROV_ID`) ON DELETE NO ACTION ON UPDATE NO ACTION,
  ADD CONSTRAINT `fk_COMPRAS_SABORES1` FOREIGN KEY (`SABORES_SABO_ID`) REFERENCES `sabores` (`SABO_ID`) ON DELETE NO ACTION ON UPDATE NO ACTION,
  ADD CONSTRAINT `fk_COMPRAS_TIPO_IMPUESTO1` FOREIGN KEY (`TIPO_IMPUESTO_TIIM_ID`) REFERENCES `tipo_impuesto` (`TPIM_ID`) ON DELETE NO ACTION ON UPDATE NO ACTION,
  ADD CONSTRAINT `fk_COMPRAS_UNIDAD_MEDIDA1` FOREIGN KEY (`UNIDAD_MEDIDA_UNME_ID`) REFERENCES `unidad_medida` (`UNME_ID`) ON DELETE NO ACTION ON UPDATE NO ACTION;

--
-- Filtros para la tabla `departamento`
--
ALTER TABLE `departamento`
  ADD CONSTRAINT `fk_DEPARTAMENTO_ESTADO1` FOREIGN KEY (`ESTADO_ESTA_ID`) REFERENCES `estado` (`ESTA_ID`) ON DELETE NO ACTION ON UPDATE NO ACTION;

--
-- Filtros para la tabla `detalle_pedido`
--
ALTER TABLE `detalle_pedido`
  ADD CONSTRAINT `fk_DETALLE_PEDIDO_ESTADO1` FOREIGN KEY (`ESTADO_ESTA_ID`) REFERENCES `estado` (`ESTA_ID`) ON DELETE NO ACTION ON UPDATE NO ACTION,
  ADD CONSTRAINT `fk_DETALLE_PEDIDO_PEDIDO1` FOREIGN KEY (`PEDIDO_PEDI_ID`) REFERENCES `pedido` (`PEDI_ID`) ON DELETE NO ACTION ON UPDATE NO ACTION,
  ADD CONSTRAINT `fk_DETALLE_PEDIDO_PRODUCTO1` FOREIGN KEY (`PRODUCTO_PROD_ID`) REFERENCES `producto` (`PROD_ID`) ON DELETE NO ACTION ON UPDATE NO ACTION;

--
-- Filtros para la tabla `funcionalidad_tipo`
--
ALTER TABLE `funcionalidad_tipo`
  ADD CONSTRAINT `fk_FUNCIONALIDAD_TIPO_FUNCIONALIDAD1` FOREIGN KEY (`FUNCIONALIDAD_FUNC_ID`) REFERENCES `funcionalidad` (`FUNC_ID`) ON DELETE NO ACTION ON UPDATE NO ACTION,
  ADD CONSTRAINT `fk_FUNCIONALIDAD_TIPO_TIPO_FUNCION1` FOREIGN KEY (`TIPO_FUNCION_TIFU_ID`) REFERENCES `tipo_funcion` (`TIFU_ID`) ON DELETE NO ACTION ON UPDATE NO ACTION;

--
-- Filtros para la tabla `funcion_usuario`
--
ALTER TABLE `funcion_usuario`
  ADD CONSTRAINT `fk_FUNCION_USUARIO_FUNCIONALIDAD_TIPO1` FOREIGN KEY (`FUNCIONALIDAD_TIPO_FUTI_ID1`) REFERENCES `funcionalidad_tipo` (`FUTI_ID`) ON DELETE NO ACTION ON UPDATE NO ACTION,
  ADD CONSTRAINT `fk_FUNCION_USUARIO_USUARIO1` FOREIGN KEY (`USUARIO_USUA_ID`) REFERENCES `usuario` (`USUA_ID`) ON DELETE NO ACTION ON UPDATE NO ACTION;

--
-- Filtros para la tabla `grupo_sabores`
--
ALTER TABLE `grupo_sabores`
  ADD CONSTRAINT `fk_GRUPO_SABORES_ESTADO1` FOREIGN KEY (`ESTADO_ESTA_ID`) REFERENCES `estado` (`ESTA_ID`) ON DELETE NO ACTION ON UPDATE NO ACTION,
  ADD CONSTRAINT `fk_GRUPO_SABORES_PRODUCTO1` FOREIGN KEY (`PRODUCTO_PROD_ID`) REFERENCES `producto` (`PROD_ID`) ON DELETE NO ACTION ON UPDATE NO ACTION,
  ADD CONSTRAINT `fk_GRUPO_SABORES_SABORES1` FOREIGN KEY (`SABORES_SABO_ID`) REFERENCES `sabores` (`SABO_ID`) ON DELETE NO ACTION ON UPDATE NO ACTION;

--
-- Filtros para la tabla `imagenes`
--
ALTER TABLE `imagenes`
  ADD CONSTRAINT `fk_IMAGENES_ESTADO1` FOREIGN KEY (`ESTADO_ESTA_ID`) REFERENCES `estado` (`ESTA_ID`) ON DELETE NO ACTION ON UPDATE NO ACTION,
  ADD CONSTRAINT `fk_IMAGENES_PRODUCTO1` FOREIGN KEY (`PRODUCTO_PROD_ID`) REFERENCES `producto` (`PROD_ID`) ON DELETE NO ACTION ON UPDATE NO ACTION,
  ADD CONSTRAINT `fk_IMAGENES_TIPO_IMAGEN1` FOREIGN KEY (`TIPO_IMAGEN_TIIM_ID`) REFERENCES `tipo_imagen` (`TIIM_ID`) ON DELETE NO ACTION ON UPDATE NO ACTION;

--
-- Filtros para la tabla `marcas`
--
ALTER TABLE `marcas`
  ADD CONSTRAINT `fk_MARCA_ESTADO1` FOREIGN KEY (`ESTADO_ESTA_ID`) REFERENCES `estado` (`ESTA_ID`) ON DELETE NO ACTION ON UPDATE NO ACTION;

--
-- Filtros para la tabla `objetivos`
--
ALTER TABLE `objetivos`
  ADD CONSTRAINT `fk_OBJETIVOS_ESTADO1` FOREIGN KEY (`ESTADO_ESTA_ID`) REFERENCES `estado` (`ESTA_ID`) ON DELETE NO ACTION ON UPDATE NO ACTION;

--
-- Filtros para la tabla `oferta`
--
ALTER TABLE `oferta`
  ADD CONSTRAINT `fk_OFERTA_ESTADO1` FOREIGN KEY (`ESTADO_ESTA_ID`) REFERENCES `estado` (`ESTA_ID`) ON DELETE NO ACTION ON UPDATE NO ACTION,
  ADD CONSTRAINT `fk_OFERTA_PRODUCTO1` FOREIGN KEY (`PRODUCTO_PROD_ID`) REFERENCES `producto` (`PROD_ID`) ON DELETE NO ACTION ON UPDATE NO ACTION;

--
-- Filtros para la tabla `pedido`
--
ALTER TABLE `pedido`
  ADD CONSTRAINT `fk_PEDIDO_CLIENTES1` FOREIGN KEY (`CLIENTES_CLIEN_ID`) REFERENCES `clientes` (`CLIEN_ID`) ON DELETE NO ACTION ON UPDATE NO ACTION,
  ADD CONSTRAINT `fk_PEDIDO_CLIENTE_EXTERNO1` FOREIGN KEY (`CLIENTE_EXTERNO_CLEX_ID`) REFERENCES `cliente_externo` (`CLEX_ID`) ON DELETE NO ACTION ON UPDATE NO ACTION,
  ADD CONSTRAINT `fk_PEDIDO_ESTADO1` FOREIGN KEY (`ESTADO_ESTA_ID`) REFERENCES `estado` (`ESTA_ID`) ON DELETE NO ACTION ON UPDATE NO ACTION,
  ADD CONSTRAINT `fk_PEDIDO_METODO_ENVIO1` FOREIGN KEY (`METODO_ENVIO_MEEN_ID`) REFERENCES `metodo_envio` (`MEEN_ID`) ON DELETE NO ACTION ON UPDATE NO ACTION,
  ADD CONSTRAINT `fk_PEDIDO_METODO_PAGO1` FOREIGN KEY (`METODO_PAGO_MEPA_ID`) REFERENCES `metodo_pago` (`MEPA_ID`) ON DELETE NO ACTION ON UPDATE NO ACTION,
  ADD CONSTRAINT `fk_PEDIDO_USUARIO1` FOREIGN KEY (`USUARIO_USUA_ID`) REFERENCES `usuario` (`USUA_ID`) ON DELETE NO ACTION ON UPDATE NO ACTION;

--
-- Filtros para la tabla `pedido_imagen`
--
ALTER TABLE `pedido_imagen`
  ADD CONSTRAINT `fk_PEDIDO_IMAGEN_ESTADO1` FOREIGN KEY (`ESTADO_ESTA_ID`) REFERENCES `estado` (`ESTA_ID`) ON DELETE NO ACTION ON UPDATE NO ACTION,
  ADD CONSTRAINT `fk_PEDIDO_IMAGEN_IMAGENES1` FOREIGN KEY (`IMAGENES_IMAG_ID`) REFERENCES `imagenes` (`IMAG_ID`) ON DELETE NO ACTION ON UPDATE NO ACTION,
  ADD CONSTRAINT `fk_PEDIDO_IMAGEN_PEDIDO1` FOREIGN KEY (`PEDIDO_PEDI_ID`) REFERENCES `pedido` (`PEDI_ID`) ON DELETE NO ACTION ON UPDATE NO ACTION;

--
-- Filtros para la tabla `producto`
--
ALTER TABLE `producto`
  ADD CONSTRAINT `fk_PRODUCTO_ESTADO1` FOREIGN KEY (`ESTADO_ESTA_ID`) REFERENCES `estado` (`ESTA_ID`) ON DELETE NO ACTION ON UPDATE NO ACTION,
  ADD CONSTRAINT `fk_PRODUCTO_MARCA1` FOREIGN KEY (`MARCA_MARC_ID`) REFERENCES `marcas` (`MARC_ID`) ON DELETE NO ACTION ON UPDATE NO ACTION,
  ADD CONSTRAINT `fk_PRODUCTO_SUBCATEGORIA1` FOREIGN KEY (`SUBCATEGORIA_SUBC_ID`) REFERENCES `subcategoria` (`SUBC_ID`) ON DELETE NO ACTION ON UPDATE NO ACTION;

--
-- Filtros para la tabla `producto_objetivos`
--
ALTER TABLE `producto_objetivos`
  ADD CONSTRAINT `fk_PRODUCTO_OBJETIVOS_OBJETIVOS1` FOREIGN KEY (`OBJETIVOS_OBJE_ID`) REFERENCES `objetivos` (`OBJE_ID`) ON DELETE NO ACTION ON UPDATE NO ACTION,
  ADD CONSTRAINT `fk_PRODUCTO_OBJETIVOS_PRODUCTO1` FOREIGN KEY (`PRODUCTO_PROD_ID`) REFERENCES `producto` (`PROD_ID`) ON DELETE NO ACTION ON UPDATE NO ACTION;

--
-- Filtros para la tabla `proveedor`
--
ALTER TABLE `proveedor`
  ADD CONSTRAINT `fk_PROVEEDOR_CIUDAD1` FOREIGN KEY (`CIUDAD_CIUD_ID`) REFERENCES `ciudad` (`CIUD_ID`) ON DELETE NO ACTION ON UPDATE NO ACTION,
  ADD CONSTRAINT `fk_PROVEEDOR_ESTADO1` FOREIGN KEY (`ESTADO_ESTA_ID`) REFERENCES `estado` (`ESTA_ID`) ON DELETE NO ACTION ON UPDATE NO ACTION,
  ADD CONSTRAINT `fk_PROVEEDOR_TIPO_DOCUMENTO1` FOREIGN KEY (`TIPO_DOCUMENTO_TIDO_ID`) REFERENCES `tipo_documento` (`TIDO_ID`) ON DELETE NO ACTION ON UPDATE NO ACTION;

--
-- Filtros para la tabla `rol`
--
ALTER TABLE `rol`
  ADD CONSTRAINT `fk_ROL_ESTADO1` FOREIGN KEY (`ESTADO_ESTA_ID`) REFERENCES `estado` (`ESTA_ID`) ON DELETE NO ACTION ON UPDATE NO ACTION;

--
-- Filtros para la tabla `sabores`
--
ALTER TABLE `sabores`
  ADD CONSTRAINT `fk_SABORES_ESTADO1` FOREIGN KEY (`ESTADO_ESTA_ID`) REFERENCES `estado` (`ESTA_ID`) ON DELETE NO ACTION ON UPDATE NO ACTION;

--
-- Filtros para la tabla `subcategoria`
--
ALTER TABLE `subcategoria`
  ADD CONSTRAINT `fk_SUBCATEGORIA_CATEGORIA1` FOREIGN KEY (`CATEGORIA_CATE_ID`) REFERENCES `categoria` (`CATE_ID`) ON DELETE NO ACTION ON UPDATE NO ACTION,
  ADD CONSTRAINT `fk_SUBCATEGORIA_ESTADO1` FOREIGN KEY (`ESTADO_ESTA_ID`) REFERENCES `estado` (`ESTA_ID`) ON DELETE NO ACTION ON UPDATE NO ACTION;

--
-- Filtros para la tabla `tamanos`
--
ALTER TABLE `tamanos`
  ADD CONSTRAINT `fk_TAMANOS_ESTADO1` FOREIGN KEY (`ESTADO_ESTA_ID`) REFERENCES `estado` (`ESTA_ID`) ON DELETE NO ACTION ON UPDATE NO ACTION,
  ADD CONSTRAINT `fk_TAMANOS_PRODUCTO1` FOREIGN KEY (`PRODUCTO_PROD_ID`) REFERENCES `producto` (`PROD_ID`) ON DELETE NO ACTION ON UPDATE NO ACTION,
  ADD CONSTRAINT `fk_TAMANOS_UNIDAD_MEDIDA1` FOREIGN KEY (`UNIDAD_MEDIDA_UNME_ID`) REFERENCES `unidad_medida` (`UNME_ID`) ON DELETE NO ACTION ON UPDATE NO ACTION;

--
-- Filtros para la tabla `tipo_documento`
--
ALTER TABLE `tipo_documento`
  ADD CONSTRAINT `fk_TIPO_DOCUMENTO_ESTADO1` FOREIGN KEY (`ESTADO_ESTA_ID`) REFERENCES `estado` (`ESTA_ID`) ON DELETE NO ACTION ON UPDATE NO ACTION;

--
-- Filtros para la tabla `unidad_medida`
--
ALTER TABLE `unidad_medida`
  ADD CONSTRAINT `fk_UNIDAD_MEDIDA_ESTADO1` FOREIGN KEY (`ESTADO_ESTA_ID`) REFERENCES `estado` (`ESTA_ID`) ON DELETE NO ACTION ON UPDATE NO ACTION;

--
-- Filtros para la tabla `usuario`
--
ALTER TABLE `usuario`
  ADD CONSTRAINT `fk_USUARIO_CIUDAD1` FOREIGN KEY (`CIUDAD_CIUD_ID`) REFERENCES `ciudad` (`CIUD_ID`) ON DELETE NO ACTION ON UPDATE NO ACTION,
  ADD CONSTRAINT `fk_USUARIO_ESTADO1` FOREIGN KEY (`ESTADO_ESTA_ID`) REFERENCES `estado` (`ESTA_ID`) ON DELETE NO ACTION ON UPDATE NO ACTION,
  ADD CONSTRAINT `fk_USUARIO_ROL1` FOREIGN KEY (`ROL_ROL_ID`) REFERENCES `rol` (`ROL_ID`) ON DELETE NO ACTION ON UPDATE NO ACTION,
  ADD CONSTRAINT `fk_USUARIO_TIPO_DOCUMENTO1` FOREIGN KEY (`TIPO_DOCUMENTO_TIDO_ID`) REFERENCES `tipo_documento` (`TIDO_ID`) ON DELETE NO ACTION ON UPDATE NO ACTION;
COMMIT;

/*!40101 SET CHARACTER_SET_CLIENT=@OLD_CHARACTER_SET_CLIENT */;
/*!40101 SET CHARACTER_SET_RESULTS=@OLD_CHARACTER_SET_RESULTS */;
/*!40101 SET COLLATION_CONNECTION=@OLD_COLLATION_CONNECTION */;
